ID,ID –ø–æ–ª—å–∑–æ–≤–∞—Ç–µ–ª—è,–ü–æ–≤–æ–¥,–û–ø–∏—Å–∞–Ω–∏–µ,–°—Ç–∞—Ç—É—Å,–û–≥—Ä–∞–Ω–∏—á–µ–Ω–∏–µ –Ω–∞ —Å–±–æ—Ä,–¶–µ–ª—å —Å–±–æ—Ä–∞,–°–æ–±—Ä–∞–Ω–æ,–û–±—â. –∫–æ–ª-–≤–æ –ø–æ–∂.,–†–∞–∑–æ–≤.,–†–µ–∫—É—Ä.,–î–∞—Ç–∞ –Ω–∞—á–∞–ª–∞ —Å–±–æ—Ä–∞,–î–∞—Ç–∞ –∑–∞–≤–µ—Ä—à–µ–Ω–∏—è —Å–±–æ—Ä–∞
43,288512,–ü—Ä–æ—Å—Ç–æ —Ç–∞–∫,–ù–∞ —Ä–∞–∑–≤–∏—Ç–∏–µ –¥–æ–Ω–æ—Ä—Å–∫–æ–≥–æ –¥–≤–∏–∂–µ–Ω–∏—è,–ê–∫—Ç–∏–≤–Ω—ã–π —Å–±–æ—Ä,–ù–µ—Ç,,702.00,11,11,0,01.05.2024,12.12.2112
39,1856,–û—Å–æ–±—ã–π —Å–ª—É—á–∞–π,"–í –∫—Ä—É–≥–æ–≤–æ—Ä–æ—Ç–µ —ç—Ç–∏—Ö –ª–µ—Ç —Å—Ç—Ä–∞–Ω–Ω–æ –ø–∏—Å–∞—Ç—å, –∫–∞–∫ –≤–∞–∂–Ω—ã –∏ –Ω—É–∂–Ω—ã –¥–æ–Ω–æ—Ä—ã –∫—Ä–æ–≤–∏.... –ü–æ—Å–ª–µ –∫–æ–≤–∏–¥–∞, –≤ –≥–æ–¥—ã –≤–æ–æ—Ä—É–∂–µ–Ω–Ω—ã—Ö –∫–æ–Ω—Ñ–ª–∏–∫—Ç–æ–≤ –∏ —Ç–∞–∫–∏—Ö —Ç—Ä–∞–≥–µ–¥–∏–π, –∫–∞–∫ –≤ –ö—Ä–æ–∫—É—Å–µ.
–û —á–µ–º —Å—Ç–æ–∏—Ç —Å–∫–∞–∑–∞—Ç—å - —á—Ç–æ —ç—Ç–æ –Ω—É–∂–Ω–æ —Ä–µ–≥—É–ª—è—Ä–Ω–æ, —Ä–∏—Ç–º–∏—á–Ω–æ, –Ω–µ —Ö–∞–æ—Ç–∏—á–Ω—ã–º –ø—Ä–æ—Ü–µ—Å—Å–æ–º, –∑–∞–ø–∞—Å—ã –∫—Ä–æ–≤–∏ –Ω—É–∂–Ω—ã –¥–æ —Ç—Ä–∞–≥–µ–¥–∏–π –∏ —ç—Ç–æ –Ω–µ –ø—Ä–æ—Å—Ç–æ –≤ –Ω–∞—à–∏—Ö —Å–∏–ª–∞—Ö, —ç—Ç–æ —É—Å–ø–µ—à–Ω–æ —Ä–∞–±–æ—Ç–∞–µ—Ç, –Ω–æ —Ç—Ä–µ–±—É–µ—Ç —Ä–∞–∑–≤–∏—Ç–∏—è. –¢–æ –µ—Å—Ç—å –Ω–∞—à–µ–≥–æ –≤–Ω–∏–º–∞–Ω–∏—è, –∞ –µ—â—ë —Ç–∞–∫–∏–µ –∫–æ–º–ø–æ–Ω–µ–Ω—Ç—ã:
1.  –ú–æ—Ç–∏–≤–∏—Ä–æ–≤–∞–Ω–Ω—ã–µ –ª—é–¥–∏, –∫–æ—Ç–æ—Ä—ã–º —ç—Ç–æ –Ω—É–∂–Ω–æ. –¢–∞–∫–∏–µ —Ä–µ–±—è—Ç–∞ –≤ –ø—Ä–æ–µ–∫—Ç–µ donorsearch. 
2. –ü–æ–Ω—è—Ç–Ω—ã–π –º–µ—Ö–∞–Ω–∏–∑–º - –ø–ª–∞—Ç—Ñ–æ—Ä–º–∞, —Å–æ–æ–±—â–µ—Å—Ç–≤–æ, —Ç–æ, —á—Ç–æ –Ω–µ –ø—Ä–æ—Å—Ç–æ –æ–±—ä–µ–¥–∏–Ω—è–µ—Ç, –∞ —Ä–∞–∑–≤–∏–≤–∞–µ—Ç –∏ –ø—Ä–∏—Ç—è–≥–∏–≤–∞–µ—Ç –∫ —Å–µ–±–µ. –ò —ç—Ç–æ –µ—Å—Ç—å - —ç—Ç–æ donorsearch. 
3. –°–ª–∞–∂–µ–Ω–Ω–∞—è —Ä–∞–±–æ—Ç–∞ —Å —Ç–µ–º–∏: 
–∞) –∫—Ç–æ —É–∂–µ —Å–¥–∞–µ—Ç –∫—Ä–æ–≤—å —Ä–µ–≥—É–ª—è—Ä–Ω–æ - –ø–æ–¥–¥–µ—Ä–∂–∏–≤–∞—Ç—å –∏—Ö;
–±) –∫—Ç–æ —Å–¥–∞–µ—Ç –æ—Ç —Å–ª—É—á–∞—è –∫ —Å–ª—É—á–∞—é - —Å–ø–æ—Å–æ–±—Å—Ç–≤–æ–≤–∞—Ç—å –∏–º;
–≤) –∫—Ç–æ –æ—Ç–∫–ª–∞–¥—ã–≤–∞—é—Ç —Å–≤–æ–π –ø–µ—Ä–≤—ã–π —Ä–∞–∑ - –ø–æ–º–æ–≥–∞—Ç—å –∏–º;
–≥) –∫—Ç–æ –º–æ–≥ –±—ã —Å–¥–∞–≤–∞—Ç—å - –≤–æ–≤–ª–µ–∫–∞—Ç—å –∏—Ö;
–¥) –∫—Ç–æ –≤—Ä–µ–º–µ–Ω–Ω–æ –Ω–µ –º–æ–∂–µ—Ç —Å–¥–∞–≤–∞—Ç—å - –≤–æ–∑–æ–±–Ω–æ–≤–ª—è—Ç—å –∏—Ö;
–µ) –∫—Ç–æ –Ω–µ –º–æ–∂–µ—Ç —Å–¥–∞–≤–∞—Ç—å - –¥–∞–≤–∞—Ç—å –∏–º –≤–æ–∑–º–æ–∂–Ω–æ—Å—Ç–∏ –±—ã—Ç—å —Å—Ç–æ—Ä–æ–Ω–Ω–∏–∫–∞–º–∏;
—ë) –∫—Ç–æ –º–æ–∂–µ—Ç –∞–≥–∏—Ç–∏—Ä–æ–≤–∞—Ç—å, —Ä–∞–∑–≤–∏–≤–∞—Ç—å, –ø—Ä–æ–≤–æ–¥–∏—Ç—å –∞–∫—Ü–∏–∏, –≤–æ–≤–ª–µ–∫–∞—Ç—å –∫–æ–ª–ª–µ–∫—Ç–∏–≤ - –¥–∞–≤–∞—Ç—å –∏–Ω—Å—Ç—Ä—É–º–µ–Ω—Ç—ã, –ø–ª–∞—Ç—Ñ–æ—Ä–º—É –ø–æ–º–æ—â–∏ –∏ —Ä–∞–∑–≤–∏—Ç–∏—è; 
–∂) —á—Ç–æ–±—ã –Ω–µ —á–µ—Ä–µ–∑ –∂–æ–ø—É 

–í–æ—Ç –∫ —ç—Ç–æ–º—É –∏–¥—ë—Ç –ø–ª–∞—Ç—Ñ–æ—Ä–º–∞, –∫–æ–º–∞–Ω–¥–∞, –¥–æ–Ω–æ—Ä—ã –∏ —Å—Ç–æ—Ä–æ–Ω–Ω–∏–∫–∏ donorsearch. 
–ò —è –≤–∞—Å –æ—á–µ–Ω—å –ø—Ä–æ—à—É –ø–æ–¥–¥–µ—Ä–∂–∞—Ç—å —Ä—É–±–ª–µ–º —ç—Ç–æ –¥–µ–ª–æ –∏ —Å–≤–æ–∏–º –≤–Ω–∏–º–∞–Ω–∏–µ–º. –í–æ—Ç –ø–æ—á–µ–º—É:

–ü–æ —Ñ–∏–Ω–ª—è–Ω–¥—Å–∫–æ–π –º–æ–¥–µ–ª–∏ –ø–æ–¥—Å—á—ë—Ç–∞ –≤ –ú–æ—Å–∫–≤–µ –∫–∞–∂–¥—ã–π –¥–µ–Ω—å –Ω—É–∂–Ω—ã –º–∏–Ω–∏–º—É–º 2400 —Å–¥–∞—é—â–∏—Ö (–Ω–∞ –≤—Å—é –†–æ—Å—Å–∏—é 21000). –î–æ–Ω–æ—Ä–∞–º–∏ –≤ –†–æ—Å—Å–∏–∏ —è–≤–ª—è—é—Ç—Å—è 10-14 —á–µ–ª–æ–≤–µ–∫ –Ω–∞ 1000, –∞ –¥–ª—è –¥–æ—Å—Ç–∞—Ç–æ—á–Ω–æ–≥–æ –æ–±–µ—Å–ø–µ—á–µ–Ω–∏—è –∫—Ä–æ–≤—å—é –Ω–µ–æ–±—Ö–æ–¥–∏–º–æ 25 –Ω–∞ –∫–∞–∂–¥—É—é 1000 —á–µ–ª. –°–µ–π—á–∞—Å –≤ —Å—Ç—Ä–∞–Ω–µ –æ–∫–æ–ª–æ 1.7 –º–ª–Ω –¥–æ–Ω–æ—Ä–æ–≤, –∞ –Ω—É–∂–Ω—ã –±–æ–ª–µ–µ 3.5 –º–ª–Ω. 
–†–∞–∑–≤–∏—Ç–∏–µ –∫—É–ª—å—Ç—É—Ä—ã –¥–æ–Ω–æ—Ä—Å—Ç–≤–∞ —ç—Ç–æ —Ä–µ–¥–∫–æ–µ –∫–æ–º–±–æ. –ß—Ç–æ –µ—â—ë –¥–µ–ª–∞—é—Ç –¥–æ–Ω–æ—Ä—ã –∫—Ä–æ–≤–∏? –í—Å—Ç—É–ø–∞—é—Ç –≤ —Ä–µ–≥–∏—Å—Ç—Ä—ã –¥–æ–Ω–æ—Ä–æ–≤ –∫–æ—Å—Ç–Ω–æ–≥–æ –º–æ–∑–≥–∞. –î–µ–ª–∞—é—Ç —á–µ–∫–∏–Ω –∑–¥–æ—Ä–æ–≤—å—è. –ü–æ–¥–¥–µ—Ä–∂–∏–≤–∞—é—Ç –∑–¥—Ä–∞–≤–æ–æ—Ö—Ä–∞–Ω–µ–Ω–∏–µ –∏ –º–µ–¥–∏–∫–æ–≤ –≤ –∏—Ö —Ä–∞–±–æ—Ç–µ. 
–û—á–µ–Ω—å –ø—Ä–æ—Å—Ç–æ–π —Ç–µ—Å—Ç - –ø–æ–Ω—è—Ç—å –Ω—É–∂–Ω–æ –ª–∏ —ç—Ç–æ. –°–ø—Ä–æ—Å–∏—Ç—å —Å–µ–±—è, –∞ –º–Ω–æ–≥–æ –ª–∏ –¥–æ–Ω–æ—Ä–æ–≤ –≤—ã –∑–Ω–∞–µ—Ç–µ? –°—Ä–µ–¥–∏ –∫–æ–ª–ª–µ–≥, –∑–Ω–∞–∫–æ–º—ã—Ö, —Å–æ—Ü—Å–µ—Ç–µ–π. –ò—Ö –¥–æ–ª–∂–Ω–æ –±—ã—Ç—å –º–∏–Ω–∏–º—É–º 3 —á–µ–ª–æ–≤–µ–∫–∞ –∏–∑ 100... –ò —è —É–≤–µ—Ä–µ–Ω, –º—ã –∫ —ç—Ç–æ–º—É –ø—Ä–∏–¥–µ–º, –µ—Å–ª–∏ –±—É–¥–µ—Ç –ø—Ä–æ —ç—Ç–æ –¥—É–º–∞—Ç—å –∏ –¥–µ–ª–∞—Ç—å —Ä–µ–≥—É–ª—è—Ä–Ω–æ. –î–ª—è —ç—Ç–æ–≥–æ –µ—Å—Ç—å donorsearch",–ê–∫—Ç–∏–≤–Ω—ã–π —Å–±–æ—Ä,–ù–µ—Ç,,900.00,5,4,1,16.04.2024,31.12.2030
9,246561,–ü—Ä–æ—Å—Ç–æ —Ç–∞–∫,–ë–ª–∞–≥–æ—Ç–≤–æ—Ä–∏—Ç–µ–ª—å–Ω–æ—Å—Ç—å —Å DonorSearch,–ê–∫—Ç–∏–≤–Ω—ã–π —Å–±–æ—Ä,–ù–µ—Ç,,9540.00,57,52,5,20.03.2024,20.04.2030
33,141625,–û—Å–æ–±—ã–π —Å–ª—É—á–∞–π,"–ü–æ–º–æ–≥–∞—Ç—å –º–æ–∂–Ω–æ –ø–æ-—Ä–∞–∑–Ω–æ–º—É. –ö—Ç–æ-—Ç–æ —Å—Ç–∞–Ω–æ–≤–∏—Ç—Å—è –≤–æ–ª–æ–Ω—Ç–µ—Ä–æ–º, –∫—Ç–æ-—Ç–æ —Å–¥–∞–µ—Ç –∫—Ä–æ–≤—å. –ú–Ω–æ–≥–∏–µ –≤ —Å–∏–ª—É —Ä–∞–∑–Ω—ã—Ö –ø—Ä–∏—á–∏–Ω –Ω–µ –º–æ–≥—É—Ç —ç—Ç–æ–≥–æ —Å–¥–µ–ª–∞—Ç—å ‚Äì –Ω–µ—Ö–≤–∞—Ç–∫–∞ –≤–µ—Å–∞, –≥–µ–º–æ–≥–ª–æ–±–∏–Ω–∞, —É—Å—Ç–∞–ª–æ—Å—Ç—å, –Ω–∞–ª–∏—á–∏–µ –ø—Ä–æ—Ç–∏–≤–æ–ø–æ–∫–∞–∑–∞–Ω–∏–π, - –≤—Å—ë —ç—Ç–æ –Ω–µ –∑–Ω–∞—á–∏—Ç, —á—Ç–æ –Ω–µ–ª—å–∑—è –ø–æ–º–æ—á—å –∏–Ω–∞—á–µ. –†–∞—Å—Å–∫–∞–∑—ã–≤–∞–π  –¥—Ä—É–∑—å—è–º –∏ –∫–æ–ª–ª–µ–≥–∞–º –ø—Ä–æ –ø–æ–¥–≥–æ—Ç–æ–≤–∫—É –∫ –¥–æ–Ω–∞—Ü–∏–∏, –ø—Ä–æ –ø–æ–≤—Ç–æ—Ä–Ω–æ–µ –ø–æ—Å–µ—â–µ–Ω–∏–µ —Å—Ç–∞–Ω—Ü–∏–∏ –ø–µ—Ä–µ–ª–∏–≤–∞–Ω–∏—è –∫—Ä–æ–≤–∏ ‚Äì —á—Ç–æ–±—ã —Ä–∞–±–æ—Ç–∞ –≤—Ä–∞—á–µ–π –Ω–µ –±—ã–ª–∞ –Ω–∞–ø—Ä–∞—Å–Ω–æ–π, —á—Ç–æ–±—ã –∑–∞–ø–∞—Å—ã –¥–æ–Ω–æ—Ä—Å–∫–æ–π –∫—Ä–æ–≤–∏ –Ω–µ –∏—Å—Ç–æ—â–∞–ª–∏—Å—å. –ò—Å–ø–æ–ª—å–∑—É–π –∏–Ω—Ñ–æ—Ä–º–∞—Ü–∏—é, –ø–æ–¥–≥–æ—Ç–æ–≤–ª–µ–Ω–Ω—É—é –ø—Ä–æ–µ–∫—Ç–æ–º –î–æ–Ω–æ—Ä—Å–µ—Ä—á –∏ —É—á–∞—Å—Ç–≤—É–π –≤ —Ä–∞–∑–≤–∏—Ç–∏–∏ –ø—Ä–æ–µ–∫—Ç–∞ –≤–º–µ—Å—Ç–µ —Å –Ω–∞–º–∏.",–ê–∫—Ç–∏–≤–Ω—ã–π —Å–±–æ—Ä,–ù–µ—Ç,,12461.00,17,15,2,24.03.2024,31.12.2024
1,142337,–û—Å–æ–±—ã–π —Å–ª—É—á–∞–π,"–î—Ä—É–∑—å—è! –ú—ã –∑–∞–ø—É—Å—Ç–∏–ª–∏ –ø–µ—Ä–≤—É—é –≤–µ—Ä—Å–∏—é –º–æ–¥—É–ª—è –≤–æ–ª–æ–Ω—Ç–µ—Ä—Å–∫–æ–≥–æ —Ñ–∞–Ω–¥—Ä–∞–π–∑–∏–Ω–≥–∞. –¢–µ–ø–µ—Ä—å –∫–∞–∂–¥—ã–π –º–æ–∂–µ—Ç –ø–æ–º–æ—á—å —Ä–∞–∑–≤–∏—Ç–∏—é DonorSearch, –≤–æ–≤–ª–µ–∫–∞—è –≤ –ø–æ–¥–¥–µ—Ä–∂–∫—É —Å–≤–æ–∏—Ö –¥—Ä—É–∑–µ–π. –ò —Å–≤–æ–∏–º —Å–±–æ—Ä–æ–º —Å–¥–µ–ª–∞—Ç—å –∑–Ω–∞—á–∏–º—ã–π –≤–∫–ª–∞–¥ –≤ –ø–æ–ø—É–ª—è—Ä–∏–∑–∞—Ü–∏—é –¥–æ–Ω–æ—Ä—Å—Ç–≤–∞.

–≠—Ç–æ—Ç –º–æ–¥—É–ª—å —Å–±–æ—Ä–æ–≤ —á–µ—Ä–µ–∑ —Å–æ–±—ã—Ç–∏—è, –±—É–¥—å —Ç–æ –î–µ–Ω—å —Ä–æ–∂–¥–µ–Ω–∏—è, —Å–≤–∞–¥—å–±–∞, –∑–∞–±–µ–≥, –æ—Å–æ–±—ã–π —Å–ª—É—á–∞–π –∏–ª–∏ –ø—Ä–æ—Å—Ç–æ —Ç–∞–∫ - –±—É–¥—å —ç—Ç–æ —Å–±–æ—Ä –Ω–∞ 1000 —Ä—É–±–ª–µ–π —Å –¥–≤—É–º—è –ø–æ–∂–µ—Ä—Ç–≤–æ–≤–∞–Ω–∏—è–º–∏ –∏–ª–∏ –Ω–∞ 100 000 —Ä—É–±–ª–µ–π –æ—Ç 1000 —á–µ–ª–æ–≤–µ–∫ - –∫–∞–∂–¥—ã–π —Å–±–æ—Ä –∏ –∫–∞–∂–¥–æ–µ –∫–∞—Å–∞–Ω–∏–µ –±—É–¥—É—Ç –ø—Ä–æ–¥–æ–ª–∂–∞—Ç—å –¥–∞–≤–∞—Ç—å –Ω–∞–º —ç–Ω–µ—Ä–≥–∏—é –∏ –æ–ø–æ—Ä—É —Ä–∞–∑–≤–∏–≤–∞—Ç—å DonorSearch –∫–∞–∫ —Å–∞–º–æ–µ —É—é—Ç–Ω–æ–µ –ø—Ä–æ—Å—Ç—Ä–∞–Ω—Å—Ç–≤–æ –¥–ª—è –¥–æ–Ω–æ—Ä–æ–≤.

–Ø –±–ª–∞–≥–æ–¥–∞—Ä—é –∫–∞–∂–¥–æ–≥–æ, –∫—Ç–æ –≤—Å–µ —ç—Ç–∏ –≥–æ–¥—ã —Å–≤–æ–∏–º–∏ –∞–∫—Ç–∏–≤–Ω—ã–º–∏ –¥–µ–π—Å—Ç–≤–∏—è–º–∏ –ø–æ–º–æ–≥–∞–µ—Ç –ø—Ä–æ–µ–∫—Ç—É –∏ –ª–∏—á–Ω–æ –º–Ω–µ: —Ä–µ–≥—É–ª—è—Ä–Ω—ã–µ –∑–∞–≥—Ä—É–∑–∫–∏ —Å–ø—Ä–∞–≤–æ–∫ –ø–æ—Å–ª–µ –¥–æ–Ω–∞—Ü–∏–∏, –∞–∫—Ç–∏–≤–Ω–æ—Å—Ç—å –≤ —á–∞—Ç–∞—Ö –∏ –Ω–∞ —Å—Ç—Ä–∞–Ω–∏—Ü–∞—Ö —Å–æ—Ü—Å–µ—Ç–µ–π DonorSearch, –ø–æ–¥–¥–µ—Ä–∂–∫–∞ –¥–æ–±—Ä—ã–º–∏ —Å–ª–æ–≤–∞–º–∏ –∏ —Ä—É–±–ª–µ–º. –ö–∞–∂–¥–æ–µ –¥–µ–π—Å—Ç–≤–∏–µ, —ç—Ç–æ –≤–∞–∂–Ω–æ–µ –∫–∞—Å–∞–Ω–∏–µ, –≥–¥–µ —è —á—É–≤—Å—Ç–≤—É—é —Ç–µ–ø–ª–æ —á–µ–ª–æ–≤–µ–∫–∞, –∫—Ç–æ —Ç–µ–º —Å–∞–º—ã–º –≥–æ–≤–æ—Ä–∏—Ç –º–Ω–µ –∏ –∫–æ–º–∞–Ω–¥–µ - —Ü–µ–Ω—é –∏ –ø–æ–¥–¥–µ—Ä–∂–∏–≤–∞—é —Ç–æ, —á—Ç–æ –≤—ã –¥–µ–ª–∞–µ—Ç–µ.",–°–±–æ—Ä –∑–∞–≤–µ—Ä—à–µ–Ω,–î–∞,50000.00,17120.00,14,11,3,15.03.2024,31.12.2024
32,176548,–ü—Ä–æ—Å—Ç–æ —Ç–∞–∫,"–£—á–∞—Å—Ç–≤–æ–≤–∞—Ç—å –≤ –¥–æ–Ω–æ—Ä—Å–∫–æ–º –¥–≤–∏–∂–µ–Ω–∏–∏ –º–æ–∂–Ω–æ –Ω–µ —Ç–æ–ª—å–∫–æ —Å–¥–∞–≤–∞—è –∫—Ä–æ–≤—å, –Ω–æ –∏ –¥—Ä—É–≥–∏–º–∏ —Å–ø–æ—Å–æ–±–∞–º–∏, –Ω–∞–ø—Ä–∏–º–µ—Ä, —Ä–∞—Å–ø—Ä–æ—Å—Ç—Ä–∞–Ω—è—è –∏–Ω—Ñ–æ—Ä–º–∞—Ü–∏—é –æ –¥–æ–Ω–æ—Ä—Å—Ç–≤–µ. –í –†–æ—Å—Å–∏–∏ –µ—Å—Ç—å –Ω–µ–∫–æ–º–º–µ—Ä—á–µ—Å–∫–∏–π —Å–µ—Ä–≤–∏—Å DonorSearch. –ò—Ö –∑–∞–¥–∞—á–∞- –ø—Ä–∏–≤–ª–µ–∫–∞—Ç—å –≤ –¥–æ–Ω–æ—Ä—Å—Ç–≤–æ –Ω–æ–≤—ã—Ö –ª—é–¥–µ–π! –ú–æ—Ç–∏–≤–∏—Ä—É—è, –ø–æ–¥—Å–∫–∞–∑—ã–≤–∞—è, —Å–æ–ø—Ä–æ–≤–æ–∂–¥–∞—è –Ω–æ–≤—ã—Ö –¥–æ–Ω–æ—Ä–æ–≤, –∏ –ø–æ–¥–±–∞–¥—Ä–∏–≤–∞—è —Ç–µ—Ö, –∫—Ç–æ —É–∂–µ –≤—Å—Ç—É–ø–∏–ª –Ω–∞ –ø—É—Ç—å –¥–æ–±—Ä–∞! DonorSearch - —ç—Ç–æ –Ω–µ–≥–æ—Å—É–¥–∞—Ä—Å—Ç–≤–µ–Ω–Ω—ã–π –∏ –Ω–µ–∫–æ–º–º–µ—Ä—á–µ—Å–∫–∏–π –ø—Ä–æ–µ–∫—Ç , —Å—É—â–µ—Å—Ç–≤—É—é—â–∏–π –Ω–∞ –¥–æ–±—Ä–æ–≤–æ–ª—å–Ω—ã—Ö –Ω–∞—á–∞–ª–∞—Ö, –∞ —Ç–∞–∫ –∂–µ –∑–∞ —Å—á–µ—Ç –≥—Ä–∞–Ω—Ç–æ–≤ –∏ –¥–æ–±—Ä–æ–≤–æ–ª—å–Ω—ã—Ö –ø–æ–∂–µ—Ä—Ç–≤–æ–≤–∞–Ω–∏–π.
–í—ã –º–æ–∂–µ—Ç–µ –≤–Ω–µ—Å—Ç–∏ —Å–≤–æ–π –ø–æ—Å–∏–ª—å–Ω—ã–π –≤–∫–ª–∞–¥, —Å–æ–≤–µ—Ä—à–∏–≤ –¥–æ–Ω–∞—Ç –≤ –ø–æ–ª—å–∑—É –¥–∞–Ω–Ω–æ–≥–æ –ø—Ä–æ–µ–∫—Ç–∞! –≠—Ç–æ –ø–æ–º–æ–∂–µ—Ç –∏–º –∏ –¥–∞–ª—å—à–µ —Ç–≤–æ—Ä–∏—Ç—å –¥–æ–±—Ä–æ! –ò–∑ –º–∞–ª–µ–Ω—å–∫–∏—Ö —Ä—É—á–µ–π–∫–æ–≤ –Ω–∞–ø–æ–ª–Ω—è—é—Ç—Å—è –º–æ–≥—É—á–∏–µ —Ä–µ–∫–∏! –í–º–µ—Å—Ç–µ –º—ã —Å–∏–ª–∞!",–ê–∫—Ç–∏–≤–Ω—ã–π —Å–±–æ—Ä,–ù–µ—Ç,,8002.00,111,109,2,22.03.2024,20.06.2024
44,155876,–û—Å–æ–±—ã–π —Å–ª—É—á–∞–π,"–í—Å–µ–º –ø—Ä–∏–≤–µ—Çüëã

–ï–∂–µ–≥–æ–¥–Ω–æ 14 –∏—é–Ω—è –≤ –º–∏—Ä–µ –æ—Ç–º–µ—á–∞–µ—Ç—Å—è –í—Å–µ–º–∏—Ä–Ω—ã–π –¥–µ–Ω—å –¥–æ–Ω–æ—Ä–∞ –∫—Ä–æ–≤–∏üéÅ

–ú–µ–Ω—è –∑–æ–≤—É—Ç –ê–¥–µ–ª—å, —è –¥–æ–Ω–æ—Ä –∫—Ä–æ–≤–∏ –∏ –∫–æ–º–ø–æ–Ω–µ–Ω—Ç–æ–≤ –∫—Ä–æ–≤–∏ –∏ —Å—á–∏—Ç–∞—é –æ—á–µ–Ω—å –≤–∞–∂–Ω—ã–º —Ä–∞–∑–≤–∏—Ç–∏–µ –¥–æ–Ω–æ—Ä—Å—Ç–≤–∞ –∫—Ä–æ–≤–∏ü©∏

–ü–æ—ç—Ç–æ–º—É —è —Ä–∞—Å—Å–∫–∞–∑—ã–≤–∞—é –Ω–µ —Ç–æ–ª—å–∫–æ –æ –≤–∞–∂–Ω–æ—Å—Ç–∏ –¥–æ–Ω–æ—Ä—Å—Ç–≤–∞, –Ω–æ –∏ –æ —Ç–æ–º, —á—Ç–æ –µ—Å—Ç—å —Å–æ–æ–±—â–µ—Å—Ç–≤–æ –¥–æ–Ω–æ—Ä–æ–≤ DonorSearch

–ö–æ–≥–¥–∞ —è –ø—Ä–µ–¥–ª–∞–≥–∞—é –ø—Ä–∏—Å–æ–µ–¥–∏–Ω–∏—Ç—å—Å—è –∫ —á–∏—Å–ª—É –¥–æ–Ω–æ—Ä–æ–≤, —Ç–æ –∏–Ω–æ–≥–¥–∞ —Å–ª—ã—à—É –æ –±–æ–ª—å—à–æ–º –∂–µ–ª–∞–Ω–∏–∏, –Ω–æ –Ω–µ–≤–æ–∑–º–æ–∂–Ω–æ—Å—Ç–∏ —Å–¥–∞–≤–∞—Ç—å –∫—Ä–æ–≤—å/–∫–æ–º–ø–æ–Ω–µ–Ω—Ç—ã –ø–æ –º–µ–¥–∏—Ü–∏–Ω—Å–∫–∏–º –ø–æ–∫–∞–∑–∞–Ω–∏—è–ºüßë‚Äç‚öïÔ∏è

–¢–æ–≥–¥–∞ —è —Ä–∞—Å—Å–∫–∞–∑—ã–≤–∞—é, –∫–∞–∫ –µ—â–µ –º–æ–∂–Ω–æ –ø–æ–º–æ—á—å –¥–æ–Ω–æ—Ä—Å–∫–æ–º—É –¥–≤–∏–∂–µ–Ω–∏—é, –∞ —Ç–æ—á–Ω–µ–µ, —á—Ç–æ –º–æ–∂–Ω–æ –ø–æ–º–æ–≥–∞—Ç—å –ø–æ–¥–¥–µ—Ä–∂–∏–≤–∞—è –ø—Ä–æ–µ–∫—Ç DonorSearchü©∏

–ü—Ä–æ–µ–∫—Ç DonorSearch —É—á–∞—Å—Ç–≤—É–µ—Ç –≤ –≥—Ä–∞–Ω—Ç–∞—Ö –∏ –ø–æ—Å—Ç–µ–ø–µ–Ω–Ω–æ —Ä–∞–∑–≤–∏–≤–∞–µ—Ç—Å—è.

–ë–ª–∞–≥–æ–¥–∞—Ä—è –¥–æ–±—Ä–æ–≤–æ–ª—å–Ω—ã–º –ø–æ–∂–µ—Ä—Ç–≤–æ–≤–∞–Ω–∏—è–º –æ—Ç –±–∏–∑–Ω–µ—Å–∞ –∏ —Ñ–∏–∑–∏—á–µ—Å–∫–∏—Ö –ª–∏—Ü –ø—Ä–æ–µ–∫—Ç DonorSearch –º–æ–∂–µ—Ç –¥–æ–ø–æ–ª–Ω–∏—Ç–µ–ª—å–Ω–æ –º–æ—Ç–∏–≤–∏—Ä–æ–≤–∞—Ç—å –ª—é–¥–µ–π —Å–¥–∞–≤–∞—Ç—å –∫—Ä–æ–≤—å, –≤ —Ç–æ–º —á–∏—Å–ª–µ –æ—Ä–∏–µ–Ω—Ç–∏—Ä—É—è—Å—å –Ω–∞ –º–Ω–µ–Ω–∏–µ –¥–æ–Ω–æ—Ä–æ–≤, –≤–æ–ª–æ–Ω—Ç–µ—Ä–æ–≤, —Ç—Ä–∞–Ω—Å—Ñ—É–∑–∏–æ–ª–æ–≥–æ–≤ –∏ –Ω–µ –Ω–∞—Ö–æ–¥—è—Å—å –≤ –∂–µ—Å—Ç–∫–æ–π –∑–∞–≤–∏—Å–∏–º–æ—Å—Ç–∏ –æ—Ç –≥—Ä–∞–Ω—Ç–æ–≤ (–≤ —Ç–æ–º —á–∏—Å–ª–µ —Å–æ–∑–¥–∞–≤–∞—Ç—å –¥–æ–ø–æ–ª–Ω–∏—Ç–µ–ª—å–Ω—ã–µ –∏–Ω—Ñ–æ—Ä–º–∞—Ü–∏–æ–Ω–Ω—ã–µ –º–∞—Ç–µ—Ä–∏–∞–ª—ã, –≥–∏–±–∫–æ –∏ –±—ã—Å—Ç—Ä–æ —Ä–µ–∞–≥–∏—Ä–æ–≤–∞—Ç—å –Ω–∞ –∑–∞–ø—Ä–æ—Å—ã –ø–æ–ª—å–∑–æ–≤–∞—Ç–µ–ª–µ–π, —Ä–∞–∑–≤–∏–≤–∞—Ç—å —Å–∞–π—Ç –∏ —Å–µ—Ä–≤–∏—Å—ã –∏ –º–Ω–æ–≥–æ–µ-–º–Ω–æ–≥–æ–µ –¥—Ä—É–≥–æ–µ)ü§ó

–ê –µ—â—ë, DonorSearch –ø–æ–º–æ–≥–∞–µ—Ç –¥–æ–Ω–æ—Ä–∞–º –≤–µ—Å—Ç–∏ –∞–∫—Ç–∏–≤–Ω—ã–π –æ–±—Ä–∞–∑ –∂–∏–∑–Ω–∏, –ø—Ä–µ–¥–æ—Å—Ç–∞–≤–ª—è—è –≤–æ–∑–º–æ–∂–Ω–æ—Å—Ç—å –±–µ—Å–ø–ª–∞—Ç–Ω–æ–≥–æ –∏–ª–∏ –ª—å–≥–æ—Ç–Ω–æ–≥–æ —É—á–∞—Å—Ç–∏—è –≤ –∑–∞–±–µ–≥–∞—Ö –ø–æ –≤—Å–µ–π –†–æ—Å—Å–∏–∏, –æ–¥–µ–≤–∞–µ—Ç –≤ —è—Ä–∫–∏–µ –±–µ–≥–æ–≤—ã–µ —Ñ—É—Ç–±–æ–ª–∫–∏ –¥–æ–Ω–æ—Ä–æ–≤  DonorSearch, –∫–æ—Ç–æ—Ä—ã–µ —Å –≥–æ—Ä–¥–æ—Å—Ç—å—é –º–æ–∂–Ω–æ –Ω–∞–¥–µ–≤–∞—Ç—å –Ω–∞ –∑–∞–±–µ–≥–∏, –≤–µ–¥—å –æ–∫—Ä—É–∂–∞—é—â–∏–µ –æ—á–µ–Ω—å —Ç–µ–ø–ª–æ, —Å –ø–æ–¥–¥–µ—Ä–∂–∫–æ–π –∏ –µ—â—ë –±–æ–ª–µ–µ –±–ª–∞–≥–æ–¥–∞—Ä–Ω–æ –æ—Ç–Ω–æ—Å—è—Ç—Å—è –∫ –¥–æ–Ω–æ—Ä–∞–º –∫–æ—Ç–æ—Ä—ã–µ –Ω–µ —Ç–æ–ª—å–∫–æ —Å–¥–∞—é—Ç –∫—Ä–æ–≤—å, –Ω–æ –∏ –≤–µ–¥—É—Ç –∞–∫—Ç–∏–≤–Ω—ã–π –æ–±—Ä–∞–∑ –∂–∏–∑–Ω–∏ü©∏

–Ø –ø—Ä–µ–¥–ª–∞–≥–∞—é –ø–æ–¥–¥–µ—Ä–∂–∞—Ç—å DonorSearch, –∞ –ø–æ–≤–æ–¥–æ–º —Å–¥–µ–ª–∞—Ç—å —Ç–∞–∫–æ–π –ø–æ–¥–∞—Ä–æ–∫ —Å—á–∏—Ç–∞—Ç—å 14 –∏—é–Ω—è - –í—Å–µ–º–∏—Ä–Ω—ã–π –¥–µ–Ω—å –¥–æ–Ω–æ—Ä–∞ –∫—Ä–æ–≤–∏üéÅ

–í—ã –º–æ–∂–µ—Ç–µ –ø–æ–∂–µ—Ä—Ç–≤–æ–≤–∞—Ç—å –ª—é–±—É—é —Å—É–º–º—É –∏–ª–∏ —Å–æ–∑–¥–∞—Ç—å —Å–±–æ—Ä —Å–∞–º–æ—Å—Ç–æ—è—Ç–µ–ª—å–Ω–æ.

–ê –µ—Å–ª–∏ –≤—ã —Ö–æ—Ç–∏—Ç–µ —Å–¥–∞–≤–∞—Ç—å –∫—Ä–æ–≤—å –≤ –∫—Ä—É–≥—É –µ–¥–∏–Ω–æ–º—ã—à–ª–µ–Ω–Ω–∏–∫–æ–≤, –ø—Ä–∏–≥–ª–∞—à–∞—é –ø—Ä–∏—Å–æ–µ–¥–∏–Ω–∏—Ç—å—Å—è –∫ —á–∏—Å–ª—É –¥–æ–Ω–æ—Ä–æ–≤ DonorSearch:
https://donorsearch.org/pre_sign_up/?referral-code=MTU1ODc2

–°–ø–∞—Å–∏–±–æ –≤–∞–º –∑–∞ –≤–∞—à–µ —É—á–∞—Å—Ç–∏–µ!",–ê–∫—Ç–∏–≤–Ω—ã–π —Å–±–æ—Ä,–ù–µ—Ç,,1400.00,5,5,0,24.05.2024,14.06.2024
42,211255,–ü—Ä–æ—Å—Ç–æ —Ç–∞–∫,"–î–µ–ª–∏—Ç–µ—Å—å , –≤—Å–µ –≤–µ—Ä–Ω–µ—Ç—Å—è   –¥–æ–±—Ä–æ–º –Ω–∞ –¥–æ–±—Ä–æ",–°–±–æ—Ä –∑–∞–≤–µ—Ä—à–µ–Ω,–ù–µ—Ç,,933.00,3,3,0,27.04.2024,31.05.2024
40,184144,–û—Å–æ–±—ã–π —Å–ª—É—á–∞–π,"20 –∞–ø—Ä–µ–ª—è –≤ –†–æ—Å—Å–∏–∏ –æ—Ç–º–µ—á–∞–µ—Ç—Å—è –ù–∞—Ü–∏–æ–Ω–∞–ª—å–Ω—ã–π –¥–µ–Ω—å –¥–æ–Ω–æ—Ä–∞. –í —ç—Ç–æ—Ç –¥–µ–Ω—å –æ—Ä–≥–∞–Ω–∏–∑—É–µ—Ç—Å—è –º–Ω–æ–∂–µ—Å—Ç–≤–æ –¥–æ–Ω–æ—Ä—Å–∫–∏—Ö –∏ –ø—Ä–æ—Å–≤–µ—Ç–∏—Ç–µ–ª—å—Å–∫–∏—Ö –º–µ—Ä–æ–ø—Ä–∏—è—Ç–∏–π –≤ –ø–æ–¥–¥–µ—Ä–∂–∫—É –¥–æ–Ω–æ—Ä—Å—Ç–≤–∞.

–õ—é–¥–∏, –∫–æ—Ç–æ—Ä—ã–µ –Ω–µ –º–æ–≥—É—Ç —Å–¥–∞–≤–∞—Ç—å –∫—Ä–æ–≤—å, –º–æ–≥—É—Ç —Å—Ç–∞—Ç—å –≤–æ–ª–æ–Ω—Ç—ë—Ä–∞–º–∏ –∏–ª–∏ –ø–æ–º–æ—á—å —Å—Ä–µ–¥—Å—Ç–≤–∞–º–∏ –¥–ª—è –ø–æ–¥–¥–µ—Ä–∂–∞–Ω–∏—è –ø—Ä–æ–µ–∫—Ç–æ–≤ –ù–ö–û.  

–ö–∞–∂–¥–æ–µ –ø–æ–∂–µ—Ä—Ç–≤–æ–≤–∞–Ω–∏–µ —Ä–∞—Å—à–∏—Ä—è–µ—Ç –≤–æ–∑–º–æ–∂–Ω–æ—Å—Ç–∏ –∏ –ø–æ–∑–≤–æ–ª—è–µ—Ç –±–æ–ª—å—à–µ –≤–∫–ª–∞–¥—ã–≤–∞—Ç—å –≤ –ø–æ–ø—É–ª—è—Ä–∏–∑–∞—Ü–∏—é –¥–æ–Ω–æ—Ä—Å—Ç–≤–∞. –ü—Ä–∏—Å–æ–µ–¥–∏–Ω—è–π—Ç–µ—Å—å!",–°–±–æ—Ä –∑–∞–≤–µ—Ä—à–µ–Ω,–ù–µ—Ç,,1500.00,2,1,1,20.04.2024,31.05.2024
12,152344,–û—Å–æ–±—ã–π —Å–ª—É—á–∞–π,"20 –∞–ø—Ä–µ–ª—è –≤ –†–æ—Å—Å–∏–∏ –æ—Ç–º–µ—á–∞–µ—Ç—Å—è –ù–∞—Ü–∏–æ–Ω–∞–ª—å–Ω—ã–π –¥–µ–Ω—å –¥–æ–Ω–æ—Ä–∞. –í —ç—Ç–æ—Ç –¥–µ–Ω—å –æ—Ä–≥–∞–Ω–∏–∑—É–µ—Ç—Å—è –º–Ω–æ–∂–µ—Å—Ç–≤–æ –¥–æ–Ω–æ—Ä—Å–∫–∏—Ö –∏ –ø—Ä–æ—Å–≤–µ—Ç–∏—Ç–µ–ª—å—Å–∫–∏—Ö –º–µ—Ä–æ–ø—Ä–∏—è—Ç–∏–π –≤ –ø–æ–¥–¥–µ—Ä–∂–∫—É –¥–æ–Ω–æ—Ä—Å—Ç–≤–∞. 

–õ—é–¥–∏, –∫–æ—Ç–æ—Ä—ã–µ –Ω–µ –º–æ–≥—É—Ç —Å–¥–∞–≤–∞—Ç—å –∫—Ä–æ–≤—å, –º–æ–≥—É—Ç —Å—Ç–∞—Ç—å –≤–æ–ª–æ–Ω—Ç—ë—Ä–∞–º–∏ –∏–ª–∏ –ø–æ–º–æ—á—å —Å—Ä–µ–¥—Å—Ç–≤–∞–º–∏ –¥–ª—è –ø–æ–¥–¥–µ—Ä–∂–∞–Ω–∏—è –ø—Ä–æ–µ–∫—Ç–æ–≤ –ù–ö–û. 

–ö–∞–∂–¥–æ–µ –ø–æ–∂–µ—Ä—Ç–≤–æ–≤–∞–Ω–∏–µ —Ä–∞—Å—à–∏—Ä—è–µ—Ç –≤–æ–∑–º–æ–∂–Ω–æ—Å—Ç–∏ –∏ –ø–æ–∑–≤–æ–ª—è–µ—Ç –±–æ–ª—å—à–µ –≤–∫–ª–∞–¥—ã–≤–∞—Ç—å –≤ –ø–æ–ø—É–ª—è—Ä–∏–∑–∞—Ü–∏—é –¥–æ–Ω–æ—Ä—Å—Ç–≤–∞. –ü—Ä–∏—Å–æ–µ–¥–∏–Ω—è–π—Ç–µ—Å—å!",–°–±–æ—Ä –∑–∞–≤–µ—Ä—à–µ–Ω,–ù–µ—Ç,,1600.00,12,11,1,20.03.2024,31.05.2024
41,288954,–ü—Ä–æ—Å—Ç–æ —Ç–∞–∫,,–°–±–æ—Ä –∑–∞–≤–µ—Ä—à–µ–Ω,–ù–µ—Ç,,0,0,0,0,20.04.2024,01.05.2024
38,231879,–û—Å–æ–±—ã–π —Å–ª—É—á–∞–π,"–î–æ–Ω–æ—Ä—Å–∫–æ–µ –¥–≤–∏–∂–µ–Ω–∏–µ - —Å–∞–º–æ–µ –º–æ—â–Ω–æ–µ –¥–≤–∏–∂–µ–Ω–∏–µ)
–ö–†–û–í–¨ –í–û –ò–ú–Ø –ñ–ò–ó–ù–ò ü•∞ü•∞ü•∞",–°–±–æ—Ä –∑–∞–≤–µ—Ä—à–µ–Ω,–ù–µ—Ç,,300.00,1,1,0,16.04.2024,01.05.2024
29,238785,–û—Å–æ–±—ã–π —Å–ª—É—á–∞–π,"–î—Ä—É–∑—å—è! –í–æ–∑–º–æ–∂–Ω–æ, –í–∞–º, –∫–∞–∫ –∏ –º–Ω–µ, –Ω–µ –æ—á–µ–Ω—å ""–ø–æ–≤–µ–∑–ª–æ"": –Ω–µ —Ç–æ—Ç —Ñ–µ–Ω–æ—Ç–∏–ø, –Ω–µ ""—Ç–∞–∫–∏–µ"" –≤–µ–Ω—ã –∏–ª–∏ –ø—Ä–æ—Å—Ç–æ –µ—Å—Ç—å –ø—Ä–æ—Ç–∏–≤–æ–ø–æ–∫–∞–∑–∞–Ω–∏—è –ø–æ –∑–¥–æ—Ä–æ–≤—å—é - –∏, —É–≤—ã, –í—ã –Ω–µ –º–æ–∂–µ—Ç–µ —Å—Ç–∞—Ç—å –¥–æ–Ω–æ—Ä–æ–º –∫—Ä–æ–≤–∏ –∏ –µ—ë –∫–æ–º–ø–æ–Ω–µ–Ω—Ç–æ–≤ –∏–ª–∏ –æ–≥—Ä–∞–Ω–∏—á–µ–Ω—ã –≤ –∏—Ö —Å–¥–∞—á–µ. –ù–æ —ç—Ç–æ –Ω–µ –ø–æ–≤–æ–¥ —Ä–∞—Å—Å—Ç—Ä–∞–∏–≤–∞—Ç—å—Å—è! –í—ã –º–æ–∂–µ—Ç–µ –ø–æ–º–æ—á—å –±–ª–∞–≥–æ—Ä–æ–¥–Ω–æ–º—É –∏ –±–ª–∞–≥–æ–¥–∞—Ä–Ω–æ–º—É –¥–µ–ª—É  –ø—Ä–æ–¥–≤–∏–∂–µ–Ω–∏—è  –î–û–ù–û–†–°–¢–í–ê –ö–†–û–í–ò! –ü–æ–¥–¥–µ—Ä–∂–∏—Ç–µ –¥–æ–Ω–∞—Ç–æ–º (—Ç–æ–∂–µ –¥–æ–Ω–∞—Ü–∏—è —Å–≤–æ–µ–≥–æ —Ä–æ–¥–∞üòâ) —Å–æ–æ–±—â–µ—Å—Ç–≤–æ DonorSearch. –û—Ä–≥–∞–Ω–∏–∑–∞—Ç–æ—Ä—ã –∏ —É—á–∞—Å—Ç–Ω–∏–∫–∏ —ç—Ç–æ–≥–æ —Å–æ–æ–±—â–µ—Å—Ç–≤–∞ –∞–∫—Ç–∏–≤–Ω–æ –∏ —É—Å–ø–µ—à–Ω–æ –ø—Ä–æ–¥–≤–∏–≥–∞—é—Ç –∏–¥–µ—é –¥–æ–Ω–æ—Ä—Å—Ç–≤–∞ –≤ –†–æ—Å—Å–∏–∏. –ù–æ –±–µ–∑ –Ω–∞—à–µ–π –ø–æ–º–æ—â–∏ –∏–º —Ç—Ä—É–¥–Ω–æ. –õ—é–±–∞—è —Å—É–º–º–∞ - –≥–ª–∞–≤–Ω–æ–µ –æ—Ç –¥—É—à–∏ - –ø–æ–π–¥–µ—Ç –Ω–∞ –±–ª–∞–≥–æ–µ –¥–µ–ª–æ! –¢–µ–º –±–æ–ª–µ–µ –µ—Å—Ç—å –∑–∞–º–µ—á–∞—Ç–µ–ª—å–Ω—ã–π –ø–æ–≤–æ–¥ - 20 –∞–ø—Ä–µ–ª—è –æ—Ç–º–µ—á–∞–µ—Ç—Å—è –ù–∞—Ü–∏–æ–Ω–∞–ª—å–Ω—ã–π –¥–µ–Ω—å –¥–æ–Ω–æ—Ä–∞‚ò∫Ô∏è
–ñ–µ–ª–∞—é –≤—Å–µ–º –±—ã—Ç—å –∑–¥–æ—Ä–æ–≤—ã–º–∏! ü§ó",–°–±–æ—Ä –∑–∞–≤–µ—Ä—à–µ–Ω,–ù–µ—Ç,,1500.00,9,7,2,20.03.2024,30.04.2024
30,279077,–û—Å–æ–±—ã–π —Å–ª—É—á–∞–π,"–ù–∞—Ü–∏–æ–Ω–∞–ª—å–Ω—ã–π –¥–µ–Ω—å –¥–æ–Ω–æ—Ä–∞: –æ–±—ä–µ–¥–∏–Ω–∏–º—Å—è, —á—Ç–æ–±—ã –ø–æ–º–æ—á—å! 

–î–æ—Ä–æ–≥–∏–µ –¥—Ä—É–∑—å—è!

20-–≥–æ –∞–ø—Ä–µ–ª—è –º—ã –æ—Ç–º–µ—á–∞–µ–º –ù–∞—Ü–∏–æ–Ω–∞–ª—å–Ω—ã–π –¥–µ–Ω—å –¥–æ–Ω–æ—Ä–∞, –∫–æ—Ç–æ—Ä—ã–π —è–≤–ª—è–µ—Ç—Å—è —Å–∏–º–≤–æ–ª–æ–º¬†—Å–æ–ª–∏–¥–∞—Ä–Ω–æ—Å—Ç–∏ –∏ –ø–æ–¥–¥–µ—Ä–∂–∫–∏ –ª—é–¥–µ–π, –≥–æ—Ç–æ–≤—ã—Ö –ø–æ–∂–µ—Ä—Ç–≤–æ–≤–∞—Ç—å —Å–≤–æ—é –∫—Ä–æ–≤—å –∏ –ø–æ–º–æ—á—å —Ç–µ–º, –∫—Ç–æ –Ω—É–∂–¥–∞–µ—Ç—Å—è –≤ –Ω–µ–π. –í —ç—Ç–æ—Ç –¥–µ–Ω—å —è —Ö–æ—á—É –≤—ã—Ä–∞–∑–∏—Ç—å —Å–≤–æ—é –±–ª–∞–≥–æ–¥–∞—Ä–Ω–æ—Å—Ç—å –≤—Å–µ–º, –∫—Ç–æ –ø—Ä–∏–Ω–∏–º–∞–µ—Ç —É—á–∞—Å—Ç–∏–µ –≤ –¥–æ–Ω–æ—Ä—Å—Ç–≤–µ –∫—Ä–æ–≤–∏ –∏ –µ√´ –∫–æ–º–ø–æ–Ω–µ–Ω—Ç–æ–≤ü©∏

–î–æ–Ω–æ—Ä—Å—Ç–≤–æ –∫—Ä–æ–≤–∏ - —ç—Ç–æ –Ω–µ —Ç–æ–ª—å–∫–æ –≤–∞–∂–Ω—ã–π –∞–∫—Ç –º–∏–ª–æ—Å–µ—Ä–¥–∏—è, –Ω–æ –∏ –≤–æ–∑–º–æ–∂–Ω–æ—Å—Ç—å —Å–ø–∞—Å—Ç–∏ –∂–∏–∑–Ω–∏ –º–Ω–æ–≥–∏—Ö –ª—é–¥–µ–π. –ö–∞–∂–¥—ã–π —Ä–∞–∑, –∫–æ–≥–¥–∞ –∫—Ä–æ–≤—å –¥–æ–Ω–æ—Ä–∞ –ø–µ—Ä–µ–ª–∏–≤–∞–µ—Ç—Å—è –Ω—É–∂–¥–∞—é—â–µ–º—É—Å—è –≤ –Ω–µ–π —á–µ–ª–æ–≤–µ–∫—É, –æ–Ω –ø–æ–ª—É—á–∞–µ—Ç —à–∞–Ω—Å –Ω–∞ –≤—ã–∑–¥–æ—Ä–æ–≤–ª–µ–Ω–∏–µ –∏ –≤–æ–∑–≤—Ä–∞—â–µ–Ω–∏–µ –∫ –Ω–æ—Ä–º–∞–ª—å–Ω–æ–π –∂–∏–∑–Ω–∏ üòå

–Ø –ø—Ä–∏–∑—ã–≤–∞—é –≤—Å–µ—Ö, –∫—Ç–æ –º–æ–∂–µ—Ç —Å—Ç–∞—Ç—å –¥–æ–Ω–æ—Ä–æ–º, –Ω–µ –æ—Å—Ç–∞–≤–∞—Ç—å—Å—è –≤ —Å—Ç–æ—Ä–æ–Ω–µ –∏ —Å–¥–µ–ª–∞—Ç—å —Å–≤–æ–π –≤–∫–ª–∞–¥ –≤ —ç—Ç–æ –±–ª–∞–≥–æ—Ä–æ–¥–Ω–æ–µ –¥–µ–ª–æ. –¢–∞–∫–∂–µ –≤—Å–µ—Ö –¥–æ–Ω–æ—Ä–æ–≤ –∏ —Ç–µ—Ö, –∫—Ç–æ –Ω–µ –º–æ–∂–µ—Ç —Å—Ç–∞—Ç—å –¥–æ–Ω–æ—Ä–æ–º –ø–æ —Ä–∞–∑–Ω—ã–º –ø—Ä–∏—á–∏–Ω–∞–º, –ø—Ä–∏–∑—ã–≤–∞—é –ø–æ—É—á–∞—Å—Ç–≤–æ–≤–∞—Ç—å –≤ –Ω—ã–Ω–µ—à–Ω–µ–º –∞–∫—Ç–µ –º–∏–ª–æ—Å–µ—Ä–¥–∏—è –∏ –æ–∫–∞–∑–∞—Ç—å –ø–æ–º–æ—â—å –∫–ª–∞—Å—Å–Ω–æ–º—É¬†–ø—Ä–æ–µ–∫—Ç—É, –º–æ–∏–º –¥—Ä—É–∑—å—è–º¬†DonorSearchü©∏

–î–∞–≤–∞–π—Ç–µ –≤–º–µ—Å—Ç–µ —Å–¥–µ–ª–∞–µ–º —ç—Ç–æ—Ç –º–∏—Ä –Ω–µ–º–Ω–æ–≥–æ –ª—É—á—à–µ –∏ –¥–æ–±—Ä–µ–µ. –î–∞–≤–∞–π—Ç–µ –ø–æ–¥–¥–µ—Ä–∂–∏–º —Ç–µ—Ö, –∫—Ç–æ –Ω—É–∂–¥–∞–µ—Ç—Å—è –≤ –ø–æ–º–æ—â–∏ –∏ –ø–æ–¥–¥–µ—Ä–∂–∫–µ! 

–°–ø–∞—Å–∏–±–æ –≤—Å–µ–º –∏ –∫–∞–∂–¥–æ–º—É, –∫—Ç–æ —É–∂–µ —Å—Ç–∞–ª –¥–æ–Ω–æ—Ä–æ–º –∏ –ø—Ä–æ–¥–æ–ª–∂–∞–µ—Ç –ø–æ–º–æ–≥–∞—Ç—å –Ω—É–∂–¥–∞—é—â–∏–º—Å—è. –í–∞—à–∞ –ø—Ä–µ–¥–∞–Ω–Ω–æ—Å—Ç—å –∏ –≥–æ—Ç–æ–≤–Ω–æ—Å—Ç—å –∂–µ—Ä—Ç–≤–æ–≤–∞—Ç—å —Ä–∞–¥–∏ –¥—Ä—É–≥–∏—Ö - –±–µ—Å—Ü–µ–Ω–Ω–∞ ‚ù§Ô∏è",–ê–∫—Ç–∏–≤–Ω—ã–π —Å–±–æ—Ä,–ù–µ—Ç,,5700.00,29,25,4,20.03.2024,21.04.2024
16,251591,–ü—Ä–æ—Å—Ç–æ —Ç–∞–∫,"–ë–µ–∑ –ª—é–¥–µ–π –Ω–µ—Ç –¥–æ–Ω–æ—Ä–æ–≤, –±–µ–∑ –ø–æ–¥–¥–µ—Ä–∂–∫–∏ –Ω–µ—Ç DonorSearch 
–ü–æ–º–æ–≥–∞—Ç—å –¥–æ–Ω–æ—Ä—Å–∫–æ–º—É –¥–≤–∏–∂–µ–Ω–∏—é –º–æ–∂–Ω–æ –Ω–µ —Ç–æ–ª—å–∫–æ —Å–¥–∞–≤–∞—è –∫—Ä–æ–≤—å, –≤–∞–∂–µ–Ω –ª—é–±–æ–π –ø–æ—Å–∏–ª—å–Ω—ã–π –≤–∫–ª–∞–¥ –≤ —Ä–∞–∑–≤–∏—Ç–∏–µ –ø—Ä–æ–µ–∫—Ç–∞.  
–õ—é–±–∞—è, –ø—É—Å—Ç—å —Å–∞–º–∞—è –Ω–µ –±–æ–ª—å—à–∞—è —Å—É–º–º–∞ —Å—Ç–∞–Ω–µ—Ç –ø–æ–º–æ—â—å—é –¥–ª—è –ø—Ä–æ–∫–∞—Ç–∞ –∏ –ø—Ä–∏–Ω—è—Ç–∞ —Å –æ–≥—Ä–æ–º–Ω–æ–π –±–ª–∞–≥–æ–¥–∞—Ä–Ω–æ—Å—Ç—å—é. 
–ü–æ–¥–¥–µ—Ä–∂–∏ –¥–æ–Ω–æ—Ä—Å–∫–æ–µ –¥–≤–∏–∂–µ–Ω–∏–µ –¥–æ–Ω–∞—Ç–æ–º.",–ê–∫—Ç–∏–≤–Ω—ã–π —Å–±–æ—Ä,–ù–µ—Ç,,1000.00,3,1,2,20.03.2024,21.04.2024
31,118994,–û—Å–æ–±—ã–π —Å–ª—É—á–∞–π,"20 –∞–ø—Ä–µ–ª—è –≤ –†–æ—Å—Å–∏–∏ –æ—Ç–º–µ—á–∞–µ—Ç—Å—è –ù–∞—Ü–∏–æ–Ω–∞–ª—å–Ω—ã–π –î–µ–Ω—å –î–æ–Ω–æ—Ä–∞ –ö—Ä–æ–≤–∏
DonorSearch (–î–æ–Ω–æ—Ä-–°—ë—Ä—á) - –æ—Ä–≥–∞–Ω–∏–∑–∞—Ü–∏—è, –∫–æ—Ç–æ—Ä–∞—è –±–æ–ª–µ–µ 10 –ª–µ—Ç –∞–∫—Ç–∏–≤–Ω–æ –∑–∞–Ω–∏–º–∞–µ—Ç—Å—è –ø–æ–¥–¥–µ—Ä–∂–∫–æ–π –∏ –ø—Ä–æ–¥–≤–∏–∂–µ–Ω–∏–µ–º –¥–æ–Ω–æ—Ä—Å—Ç–≤–∞, –æ–±—ä–µ–¥–∏–Ω–µ–Ω–∏–µ–º –¥–æ–Ω–æ—Ä–æ–≤ –ø–æ –≤—Å–µ–π —Å—Ç—Ä–∞–Ω–µ, –ø–æ–ø—É–ª—è—Ä–∏–∑–∞—Ü–∏–µ–π –¥–æ–Ω–æ—Ä—Å—Ç–≤–∞ –∏ –∑–¥–æ—Ä–æ–≤–æ–≥–æ –æ–±—Ä–∞–∑–∞ –∂–∏–∑–Ω–∏, –ø–æ–∏—Å–∫–æ–º –¥–æ–Ω–æ—Ä–æ–≤. –Ø —Ö–æ—á—É –ø–æ–º–æ—á—å —ç—Ç–æ–π –æ—Ä–≥–∞–Ω–∏–∑–∞—Ü–∏–∏ –∏ —Å–æ–∑–¥–∞—é —Å–±–æ—Ä —Å—Ä–µ–¥—Å—Ç–≤ –≤ —á–µ—Å—Ç—å –¥–Ω—è –¥–æ–Ω–æ—Ä–∞ –∫—Ä–æ–≤–∏.
–î–æ–Ω–æ—Ä—Å–∫–∞—è –∫—Ä–æ–≤—å –Ω–µ–æ–±—Ö–æ–¥–∏–º–∞ –∫–∞–∂–¥—ã–π –¥–µ–Ω—å –≤ –±–æ–ª—å–Ω–∏—Ü–∞—Ö –∏ —Ä–æ–¥–∏–ª—å–Ω—ã—Ö –¥–æ–º–∞—Ö, –¥–ª—è –ø–æ–º–æ—â–∏ –ø–æ—Å—Ç—Ä–∞–¥–∞–≤—à–∏–º –≤ –î–¢–ü, –Ω–∞ –ø–æ–∂–∞—Ä–∞—Ö, –ø—Ä–∏ –∞–≤–∞—Ä–∏—è—Ö. –ü—Ä–∏ –æ–ø—Ä–µ–¥–µ–ª–µ–Ω–Ω—ã—Ö —Å–æ—Å—Ç–æ—è–Ω–∏—è—Ö –∑–¥–æ—Ä–æ–≤—å—è –º–æ–∂–µ—Ç —Ç—Ä–µ–±–æ–≤–∞—Ç—å—Å—è –ø–µ—Ä–µ–ª–∏–≤–∞–Ω–∏–µ –∫—Ä–æ–≤–∏. –ß—Ç–æ–±—ã –Ω–µ –±—ã–ª–æ –Ω–µ–¥–æ—Å—Ç–∞—Ç–∫–∞ –∏ –∫—Ç–æ-—Ç–æ –Ω–µ –æ—Å—Ç–∞–ª—Å—è –±–µ–∑ –ø–æ–º–æ—â–∏, –¥–æ–Ω–æ—Ä–æ–≤ –Ω—É–∂–Ω–æ –º–Ω–æ–≥–æ –∏ –Ω—É–∂–Ω—ã –æ–Ω–∞ –∫–∞–∂–¥—ã–π –¥–µ–Ω—å. –û—á–µ–Ω—å –≤–∞–∂–Ω–æ —Ä–∞–∑—ä—è—Å–Ω—è—Ç—å –Ω–µ–æ–±—Ö–æ–¥–∏–º–æ—Å—Ç—å –¥–æ–Ω–æ—Ä—Å—Ç–≤–∞ –∏ –±–µ–∑–æ–ø–∞—Å–Ω–æ—Å—Ç—å –µ–≥–æ. –≠—Ç–∏–º, –∏ –º–Ω–æ–≥–∏–º –¥—Ä—É–≥–∏–º –∑–∞–Ω–∏–º–∞–µ—Ç—Å—è  DonorSearch –∏ —ç—Ç–∏–º —Å–±–æ—Ä–æ–º –º—ã –º–æ–∂–µ–º –ø–æ–º–æ—á—å —É–≤–µ–ª–∏—á–∏—Ç—å –∫–æ–ª–∏—á–µ—Å—Ç–≤–æ –¥–æ–Ω–æ—Ä–æ–≤ –≤ —Å—Ç—Ä–∞–Ω–µ, –∞ –∑–Ω–∞—á–∏—Ç –±–æ–ª—å—à–µ —Ö–æ—Ä–æ—à–∏—Ö –ª—é–¥–µ–π –ø–æ–ª—É—á–∏—Ç —à–∞–Ω—Å –Ω–∞ –∂–∏–∑–Ω—å.",–ê–∫—Ç–∏–≤–Ω—ã–π —Å–±–æ—Ä,–ù–µ—Ç,,0,0,0,0,21.03.2024,20.04.2024
28,156744,–ü—Ä–æ—Å—Ç–æ —Ç–∞–∫,,–ê–∫—Ç–∏–≤–Ω—ã–π —Å–±–æ—Ä,–ù–µ—Ç,,1430.00,10,10,0,20.03.2024,20.04.2024
27,155876,–û—Å–æ–±—ã–π —Å–ª—É—á–∞–π,"–í—Å–µ–º –ø—Ä–∏–≤–µ—Çüëã 

–ï–∂–µ–≥–æ–¥–Ω–æ 20 –∞–ø—Ä–µ–ª—è –≤ –†–æ—Å—Å–∏–∏ –æ—Ç–º–µ—á–∞–µ—Ç—Å—è –ù–∞—Ü–∏–æ–Ω–∞–ª—å–Ω—ã–π –¥–µ–Ω—å –¥–æ–Ω–æ—Ä–∞ –∫—Ä–æ–≤–∏üéÅ

–ú–µ–Ω—è –∑–æ–≤—É—Ç –ê–¥–µ–ª—å, —è –¥–æ–Ω–æ—Ä –∫—Ä–æ–≤–∏ –∏ –∫–æ–º–ø–æ–Ω–µ–Ω—Ç–æ–≤ –∫—Ä–æ–≤–∏ –∏ —Å—á–∏—Ç–∞—é –æ—á–µ–Ω—å –≤–∞–∂–Ω—ã–º —Ä–∞–∑–≤–∏—Ç–∏–µ –¥–æ–Ω–æ—Ä—Å—Ç–≤–∞ –∫—Ä–æ–≤–∏ü©∏
–ü–æ—ç—Ç–æ–º—É —è —Ä–∞—Å—Å–∫–∞–∑—ã–≤–∞—é –Ω–µ —Ç–æ–ª—å–∫–æ –æ –≤–∞–∂–Ω–æ—Å—Ç–∏ –¥–æ–Ω–æ—Ä—Å—Ç–≤–∞, –Ω–æ –∏ –æ —Ç–æ–º, —á—Ç–æ –µ—Å—Ç—å —Å–æ–æ–±—â–µ—Å—Ç–≤–æ –¥–æ–Ω–æ—Ä–æ–≤ DonorSearch

–ö–æ–≥–¥–∞ —è –ø—Ä–µ–¥–ª–∞–≥–∞—é –ø—Ä–∏—Å–æ–µ–¥–∏–Ω–∏—Ç—å—Å—è –∫ —á–∏—Å–ª—É –¥–æ–Ω–æ—Ä–æ–≤, —Ç–æ –∏–Ω–æ–≥–¥–∞ —Å–ª—ã—à—É –æ –Ω–µ–≤–æ–∑–º–æ–∂–Ω–æ—Å—Ç–∏ —Å–¥–∞–≤–∞—Ç—å –∫—Ä–æ–≤—å/–∫–æ–º–ø–æ–Ω–µ–Ω—Ç—ã –ø–æ –º–µ–¥–∏—Ü–∏–Ω—Å–∫–∏–º –ø–æ–∫–∞–∑–∞–Ω–∏—è–ºüßë‚Äç‚öïÔ∏è
–ù–æ –∫–æ–≥–¥–∞ –º–µ–Ω—è —Å–ø—Ä–∞—à–∏–≤–∞—é—Ç, –∫–∞–∫ –µ—â–µ –º–æ–∂–Ω–æ –ø–æ–º–æ—á—å –¥–æ–Ω–æ—Ä—Å–∫–æ–º—É –¥–≤–∏–∂–µ–Ω–∏—é, —Ç–æ —è –≤—Å–µ–≥–¥–∞ —Ä–∞—Å—Å–∫–∞–∑—ã–≤–∞—é, —á—Ç–æ –º–æ–∂–Ω–æ –ø–æ–º–æ–≥–∞—Ç—å –ø–æ–¥–¥–µ—Ä–∂–∏–≤–∞—è –ø—Ä–æ–µ–∫—Ç DonorSearchü©∏

–ü—Ä–æ–µ–∫—Ç DonorSearch —É—á–∞—Å—Ç–≤—É–µ—Ç –≤ –≥—Ä–∞–Ω—Ç–∞—Ö –∏ –ø–æ—Å—Ç–µ–ø–µ–Ω–Ω–æ —Ä–∞–∑–≤–∏–≤–∞–µ—Ç—Å—è.

–ë–ª–∞–≥–æ–¥–∞—Ä—è –¥–æ–±—Ä–æ–≤–æ–ª—å–Ω—ã–º –ø–æ–∂–µ—Ä—Ç–≤–æ–≤–∞–Ω–∏—è–º –ø—Ä–æ–µ–∫—Ç DonorSearch –º–æ–∂–µ—Ç –¥–æ–ø–æ–ª–Ω–∏—Ç–µ–ª—å–Ω–æ –º–æ—Ç–∏–≤–∏—Ä–æ–≤–∞—Ç—å –ª—é–¥–µ–π —Å–¥–∞–≤–∞—Ç—å –∫—Ä–æ–≤—å, –≤ —Ç–æ–º —á–∏—Å–ª–µ –æ—Ä–∏–µ–Ω—Ç–∏—Ä—É—è—Å—å –Ω–∞ –º–Ω–µ–Ω–∏–µ –¥–æ–Ω–æ—Ä–æ–≤, –≤–æ–ª–æ–Ω—Ç–µ—Ä–æ–≤, —Ç—Ä–∞–Ω—Å—Ñ—É–∑–∏–æ–ª–æ–≥–æ–≤ –∏ –Ω–µ –Ω–∞—Ö–æ–¥—è—Å—å –≤ –∂–µ—Å—Ç–∫–æ–π –∑–∞–≤–∏—Å–∏–º–æ—Å—Ç–∏ –æ—Ç –≥—Ä–∞–Ω—Ç–æ–≤ (–≤ —Ç–æ–º —á–∏—Å–ª–µ —Å–æ–∑–¥–∞–≤–∞—Ç—å –¥–æ–ø–æ–ª–Ω–∏—Ç–µ–ª—å–Ω—ã–µ –∏–Ω—Ñ–æ—Ä–º–∞—Ü–∏–æ–Ω–Ω—ã–µ –º–∞—Ç–µ—Ä–∏–∞–ª—ã, –≥–∏–±–∫–æ –∏ –±—ã—Å—Ç—Ä–æ —Ä–µ–∞–≥–∏—Ä–æ–≤–∞—Ç—å –Ω–∞ –∑–∞–ø—Ä–æ—Å—ã –ø–æ–ª—å–∑–æ–≤–∞—Ç–µ–ª–µ–π, —Ä–∞–∑–≤–∏–≤–∞—Ç—å —Å–∞–π—Ç –∏ —Å–µ—Ä–≤–∏—Å—ã –∏ –º–Ω–æ–≥–æ–µ-–º–Ω–æ–≥–æ–µ –¥—Ä—É–≥–æ–µ)ü§ó

–Ø –ø—Ä–µ–¥–ª–∞–≥–∞—é –ø–æ–¥–¥–µ—Ä–∂–∞—Ç—å DonorSearch, –∞ –ø–æ–≤–æ–¥–æ–º —Å–¥–µ–ª–∞—Ç—å —Ç–∞–∫–æ–π –ø–æ–¥–∞—Ä–æ–∫ —Å—á–∏—Ç–∞—Ç—å 20 –∞–ø—Ä–µ–ª—è - –ù–∞—Ü–∏–æ–Ω–∞–ª—å–Ω—ã–π –¥–µ–Ω—å –¥–æ–Ω–æ—Ä–∞ –∫—Ä–æ–≤–∏üéÅ

–í—ã –º–æ–∂–µ—Ç–µ –ø–æ–∂–µ—Ä—Ç–≤–æ–≤–∞—Ç—å –ª—é–±—É—é —Å—É–º–º—É –∏–ª–∏ —Å–æ–∑–¥–∞—Ç—å —Å–±–æ—Ä —Å–∞–º–æ—Å—Ç–æ—è—Ç–µ–ª—å–Ω–æ.

–°–ø–∞—Å–∏–±–æ –≤–∞–º –∑–∞ –≤–∞—à–µ —É—á–∞—Å—Ç–∏–µ!",–ê–∫—Ç–∏–≤–Ω—ã–π —Å–±–æ—Ä,–ù–µ—Ç,,300.00,3,3,0,20.03.2024,20.04.2024
26,227414,–ü—Ä–æ—Å—Ç–æ —Ç–∞–∫,"–ü–æ–º–æ–≥–∞—Ç—å –º–æ–∂–Ω–æ –Ω–µ —Ç–æ–ª—å–∫–æ –∫—Ä–æ–≤—å—é. –°–±–æ—Ä –≤ –ø–æ–¥–¥–µ—Ä–∂–∫—É –¥–æ–Ω–æ—Ä—Å–∫–æ–≥–æ –¥–≤–∏–∂–µ–Ω–∏—è.

–ù–∞—Ü–∏–æ–Ω–∞–ª—å–Ω—ã–π –¥–µ–Ω—å –¥–æ–Ω–æ—Ä–∞: –æ–±—ä–µ–¥–∏–Ω–∏–º—Å—è, —á—Ç–æ–±—ã –ø–æ–º–æ—á—å!

–î–æ—Ä–æ–≥–∏–µ –¥—Ä—É–∑—å—è!

20-–≥–æ –∞–ø—Ä–µ–ª—è –º—ã –æ—Ç–º–µ—á–∞–µ–º –ù–∞—Ü–∏–æ–Ω–∞–ª—å–Ω—ã–π –¥–µ–Ω—å –¥–æ–Ω–æ—Ä–∞, –∫–æ—Ç–æ—Ä—ã–π —è–≤–ª—è–µ—Ç—Å—è —Å–∏–º–≤–æ–ª–æ–º —Å–æ–ª–∏–¥–∞—Ä–Ω–æ—Å—Ç–∏ –∏ –ø–æ–¥–¥–µ—Ä–∂–∫–∏ –ª—é–¥–µ–π, –≥–æ—Ç–æ–≤—ã—Ö –ø–æ–∂–µ—Ä—Ç–≤–æ–≤–∞—Ç—å —Å–≤–æ—é –∫—Ä–æ–≤—å –∏ –ø–æ–º–æ—á—å —Ç–µ–º, –∫—Ç–æ –Ω—É–∂–¥–∞–µ—Ç—Å—è –≤ –Ω–µ–π. –í —ç—Ç–æ—Ç –¥–µ–Ω—å —è —Ö–æ—á—É –≤—ã—Ä–∞–∑–∏—Ç—å —Å–≤–æ—é –±–ª–∞–≥–æ–¥–∞—Ä–Ω–æ—Å—Ç—å –≤—Å–µ–º, –∫—Ç–æ –ø—Ä–∏–Ω–∏–º–∞–µ—Ç —É—á–∞—Å—Ç–∏–µ –≤ –¥–æ–Ω–æ—Ä—Å—Ç–≤–µ –∫—Ä–æ–≤–∏ –∏ –µ√´ –∫–æ–º–ø–æ–Ω–µ–Ω—Ç–æ–≤ü©∏

–î–æ–Ω–æ—Ä—Å—Ç–≤–æ –∫—Ä–æ–≤–∏ - —ç—Ç–æ –Ω–µ —Ç–æ–ª—å–∫–æ –≤–∞–∂–Ω—ã–π –∞–∫—Ç –º–∏–ª–æ—Å–µ—Ä–¥–∏—è, –Ω–æ –∏ –≤–æ–∑–º–æ–∂–Ω–æ—Å—Ç—å —Å–ø–∞—Å—Ç–∏ –∂–∏–∑–Ω–∏ –º–Ω–æ–≥–∏—Ö –ª—é–¥–µ–π. –ö–∞–∂–¥—ã–π —Ä–∞–∑, –∫–æ–≥–¥–∞ –∫—Ä–æ–≤—å –¥–æ–Ω–æ—Ä–∞ –ø–µ—Ä–µ–ª–∏–≤–∞–µ—Ç—Å—è –Ω—É–∂–¥–∞—é—â–µ–º—É—Å—è –≤ –Ω–µ–π —á–µ–ª–æ–≤–µ–∫—É, –æ–Ω –ø–æ–ª—É—á–∞–µ—Ç —à–∞–Ω—Å –Ω–∞ –≤—ã–∑–¥–æ—Ä–æ–≤–ª–µ–Ω–∏–µ –∏ –≤–æ–∑–≤—Ä–∞—â–µ–Ω–∏–µ –∫ –Ω–æ—Ä–º–∞–ª—å–Ω–æ–π –∂–∏–∑–Ω–∏ üòå

–Ø –ø—Ä–∏–∑—ã–≤–∞—é –≤—Å–µ—Ö, –∫—Ç–æ –º–æ–∂–µ—Ç —Å—Ç–∞—Ç—å –¥–æ–Ω–æ—Ä–æ–º, –Ω–µ –æ—Å—Ç–∞–≤–∞—Ç—å—Å—è –≤ —Å—Ç–æ—Ä–æ–Ω–µ –∏ —Å–¥–µ–ª–∞—Ç—å —Å–≤–æ–π –≤–∫–ª–∞–¥ –≤ —ç—Ç–æ –±–ª–∞–≥–æ—Ä–æ–¥–Ω–æ–µ –¥–µ–ª–æ. –¢–∞–∫–∂–µ –≤—Å–µ—Ö –¥–æ–Ω–æ—Ä–æ–≤ –∏ —Ç–µ—Ö, –∫—Ç–æ –Ω–µ –º–æ–∂–µ—Ç —Å—Ç–∞—Ç—å –¥–æ–Ω–æ—Ä–æ–º –ø–æ —Ä–∞–∑–Ω—ã–º –ø—Ä–∏—á–∏–Ω–∞–º, –ø—Ä–∏–∑—ã–≤–∞—é –ø–æ—É—á–∞—Å—Ç–≤–æ–≤–∞—Ç—å –≤ –Ω—ã–Ω–µ—à–Ω–µ–º –∞–∫—Ç–µ –º–∏–ª–æ—Å–µ—Ä–¥–∏—è –∏ –æ–∫–∞–∑–∞—Ç—å –ø–æ–º–æ—â—å –∫–ª–∞—Å—Å–Ω–æ–º—É –ø—Ä–æ–µ–∫—Ç—É, –º–æ–∏–º –¥—Ä—É–∑—å—è–º DonorSearchü©∏

–î–∞–≤–∞–π—Ç–µ –≤–º–µ—Å—Ç–µ —Å–¥–µ–ª–∞–µ–º —ç—Ç–æ—Ç –º–∏—Ä –Ω–µ–º–Ω–æ–≥–æ –ª—É—á—à–µ –∏ –¥–æ–±—Ä–µ–µ. –î–∞–≤–∞–π—Ç–µ –ø–æ–¥–¥–µ—Ä–∂–∏–º —Ç–µ—Ö, –∫—Ç–æ –Ω—É–∂–¥–∞–µ—Ç—Å—è –≤ –ø–æ–º–æ—â–∏ –∏ –ø–æ–¥–¥–µ—Ä–∂–∫–µ!

–°–ø–∞—Å–∏–±–æ –≤—Å–µ–º –∏ –∫–∞–∂–¥–æ–º—É, –∫—Ç–æ —É–∂–µ —Å—Ç–∞–ª –¥–æ–Ω–æ—Ä–æ–º –∏ –ø—Ä–æ–¥–æ–ª–∂–∞–µ—Ç –ø–æ–º–æ–≥–∞—Ç—å –Ω—É–∂–¥–∞—é—â–∏–º—Å—è. –í–∞—à–∞ –ø—Ä–µ–¥–∞–Ω–Ω–æ—Å—Ç—å –∏ –≥–æ—Ç–æ–≤–Ω–æ—Å—Ç—å –∂–µ—Ä—Ç–≤–æ–≤–∞—Ç—å —Ä–∞–¥–∏ –¥—Ä—É–≥–∏—Ö - –±–µ—Å—Ü–µ–Ω–Ω–∞",–ê–∫—Ç–∏–≤–Ω—ã–π —Å–±–æ—Ä,–ù–µ—Ç,,5350.00,12,10,2,20.03.2024,20.04.2024
25,3765,–û—Å–æ–±—ã–π —Å–ª—É—á–∞–π,"–í—Å–µ—Ö –∫–∞—Ç–µ–≥–æ—Ä–∏—á–µ—Å–∫–∏ –ø—Ä–∏–≤–µ—Ç—Å—Ç–≤—É—é, –¥–æ–Ω–æ—Ä—ã –∏ –∫—Ç–æ —Å–æ–±–∏—Ä–∞–µ—Ç—Å—è –∏–º–∏ —Å—Ç–∞—Ç—åüòÅ

–•–æ—Ç–µ–ª –±—ã –ø–æ–¥–µ–ª–∏—Ç—å—Å—è –æ–¥–Ω–∏–º –ø—Ä–æ–µ–∫—Ç–æ–º, –∫–æ—Ç–æ—Ä—ã–π –ø–æ–º–æ–≥–∞–µ—Ç –¥–æ–Ω–æ—Ä–∞–º –∏ –ø–æ–º–æ–≥–∞–µ—Ç —Å—Ç–∞—Ç—å –¥–æ–Ω–æ—Ä–∞–º–∏. –ü–æ —Å—É—Ç–∏, –µ–¥–∏–Ω—Å—Ç–≤–µ–Ω–Ω–∞—è –ø–ª–æ—â–∞–¥–∫–∞, –∫–æ—Ç–æ—Ä–∞—è —Ç–∞–∫ –º–∞—Å—Å–æ–≤–æ –æ—Å–≤–µ—â–∞–µ—Ç –¥–æ–Ω–æ—Ä—Å—Ç–≤–æ –∏ —á—Ç–æ —Å –Ω–∏–º —Å–≤—è–∑–∞–Ω–æ.

–ù–æ –ª—é–±–æ–º—É –ø—Ä–æ–µ–∫—Ç—É –Ω—É–∂–Ω–∞ –ø–æ–¥–¥–µ—Ä–∂–∫–∞, —Ç–∞–∫ –∏ DonorSearch –æ–Ω–∞ —Ç—Ä–µ–±—É–µ—Ç—Å—è, —Ç–∞–∫ –∫–∞–∫ –ø—Ä–æ–µ–∫—Ç –ø–æ —Å—É—Ç–∏ –∂–∏–≤–µ—Ç –Ω–∞ –ø–æ–∂–µ—Ä—Ç–≤–æ–≤–∞–Ω–∏—è –¥–æ–Ω–æ—Ä–æ–≤ –∏ –ø—Ä–æ—Å—Ç–æ –Ω–µ–±–µ–∑—Ä–∞–∑–ª–∏—á–Ω—ã—Ö –ª—é–¥–µ–π )

–°–∫–æ—Ä–æ –ø–æ —Å—É—Ç–∏ –ø—Ä–æ—Ñ–µ—Å—Å–∏–æ–Ω–∞–ª—å–Ω—ã–π –ø—Ä–∞–∑–¥–Ω–∏–∫, 20 –∞–ø—Ä–µ–ª—è - –ù–∞—Ü–∏–æ–Ω–∞–ª—å–Ω—ã–π –¥–µ–Ω—å –¥–æ–Ω–æ—Ä–∞. –í —Å–≤—è–∑–∏ —Å —ç—Ç–∏–º, —Ö–æ—Ç–µ–ª–æ—Å—å –±—ã –æ—Ç–∫—Ä—ã—Ç—å —Å–±–æ—Ä –≤ –ø–æ–¥–¥–µ—Ä–∂–∫—É —Ä–µ–±—è—Ç.

–ü—Ä–∏—Å–æ–µ–¥–∏–Ω—è–µ—Ç–µ—Å—å ,—Å—Ç–∞–Ω–æ–≤–∏—Ç–µ—Å—å –¥–æ–Ω–æ—Ä–∞–º–∏,–¥–∞—Ä–∏—Ç–µ –¥–æ–±—Ä–æ –∏ —á–∞—Å—Ç–∏—á–∫—É —Å–µ–±—è.

–í—Å–µ –ø—Ä–µ–∫—Ä–∞—Å–Ω–æ–≥–æ –Ω–∞—Å—Ç—Ä–æ–µ–Ω–∏—è –∏ –≤—ã—Å–æ–∫–æ–≥–æ –≥–µ–º–æ–≥–ª–æ–±–∏–Ω–∞üòé",–ê–∫—Ç–∏–≤–Ω—ã–π —Å–±–æ—Ä,–ù–µ—Ç,,550.00,4,4,0,20.03.2024,20.04.2024
24,279206,–û—Å–æ–±—ã–π —Å–ª—É—á–∞–π,"–ü—Ä–∏–≤–µ—Ç! –Ø –ê–ª–∏–Ω–∞, –∫–∞–¥—Ä–æ–≤—ã–π –¥–æ–Ω–æ—Ä –∫—Ä–æ–≤–∏ –∏ –ø–ª–∞–∑–º—ã. üòä

20 –∞–ø—Ä–µ–ª—è –æ—Ç–º–µ—á–∞–µ—Ç—Å—è –î–µ–Ω—å –î–æ–Ω–æ—Ä–∞! –ò –ø–æ —ç—Ç–æ–º—É —Å–ª—É—á–∞—é —è –æ—Ç–∫—Ä—ã–≤–∞—é —Å–±–æ—Ä –≤ –ø–æ–¥–¥–µ—Ä–∂–∫—É —Å–µ—Ä–≤–∏—Å–∞ DonorSearch.

–ë–ª–∞–≥–æ–¥–∞—Ä—è –¥–æ–±—Ä–æ–≤–æ–ª—å–Ω—ã–º –ø–æ–∂–µ—Ä—Ç–≤–æ–≤–∞–Ω–∏—è–º –ø—Ä–æ–µ–∫—Ç DonorSearch –º–æ—Ç–∏–≤–∏—Ä—É–µ—Ç –ª—é–¥–µ–π —Å–¥–∞–≤–∞—Ç—å –∫—Ä–æ–≤—å,  –∏ –µ—ë –∫–æ–º–ø–æ–Ω–µ–Ω—Ç—ã, –±—ã—Å—Ç—Ä–æ —Ä–µ–∞–≥–∏—Ä—É–µ—Ç –Ω–∞ –≤–æ–ª–Ω—É—é—â–∏–µ –≤–æ–ø—Ä–æ—Å—ã –¥–æ–Ω–æ—Ä–æ–≤ –∏ –Ω–µ —Ç–æ–ª—å–∫–æ. 

–ï—Å–ª–∏ —Ç—ã —Ö–æ—á–µ—à—å, –Ω–æ –Ω–µ –º–æ–∂–µ—à—å –ø–æ —Ä—è–¥—É –ø—Ä–∏—á–∏–Ω —Å—Ç–∞—Ç—å –¥–æ–Ω–æ—Ä–æ–º, —Ç–æ —Ç—ã –º–æ–∂–µ—à—å –≤–Ω–µ—Å—Ç–∏ –≤–∫–ª–∞–¥ –≤ –ø–æ–¥–¥–µ—Ä–∂–∫—É –¥–∞–Ω–Ω–æ–≥–æ —Å–µ—Ä–≤–∏—Å–∞.ü§ó

–°–¥–µ–ª–∞–π –¥–æ–±—Ä–æ–µ –¥–µ–ª–æ, –≤–Ω–µ—Å–∏ —Å–≤–æ–π –≤–∫–ª–∞–¥ –≤ –ø–æ–¥–¥–µ—Ä–∂—É –¥–æ–Ω–æ—Ä—Å–∫–æ–≥–æ –¥–≤–∏–∂–µ–Ω–∏—è. ‚ù§Ô∏è‚ò∫Ô∏è",–ê–∫—Ç–∏–≤–Ω—ã–π —Å–±–æ—Ä,–ù–µ—Ç,,957.00,10,8,2,20.03.2024,20.04.2024
23,280775,–û—Å–æ–±—ã–π —Å–ª—É—á–∞–π,–ü–æ–¥–¥–µ—Ä–∂–∫–∞ –ø—Ä–æ–µ–∫—Ç–∞ DonorSearch‚ù§Ô∏è,–ê–∫—Ç–∏–≤–Ω—ã–π —Å–±–æ—Ä,–ù–µ—Ç,,700.00,13,8,5,20.03.2024,20.04.2024
22,267617,–û—Å–æ–±—ã–π —Å–ª—É—á–∞–π,–ù–∞ –ø–æ–¥–¥–µ—Ä–∂–∫—É –î–°,–ê–∫—Ç–∏–≤–Ω—ã–π —Å–±–æ—Ä,–ù–µ—Ç,,0,0,0,0,20.03.2024,20.04.2024
21,282337,–û—Å–æ–±—ã–π —Å–ª—É—á–∞–π,"–ü–æ–¥–¥–µ—Ä–∂–∏—Ç–µ –Ω–∞—à–µ –±–ª–∞–≥–æ—Ç–≤–æ—Ä–∏—Ç–µ–ª—å–Ω–æ–µ —Å–æ–±—ã—Ç–∏–µ: –ø–æ–º–æ–≥–∏—Ç–µ —Å–ø–∞—Å—Ç–∏ –∂–∏–∑–Ω–∏ —á–µ—Ä–µ–∑ –¥–æ–Ω–æ—Ä—Å—Ç–≤–æ!

   –£–≤–∞–∂–∞–µ–º—ã–µ –¥—Ä—É–∑—å—è, —è –æ–±—Ä–∞—â–∞—é—Å—å –∫ –≤–∞–º —Å –ø—Ä–∏–∑—ã–≤–æ–º —Å—Ç–∞—Ç—å –¥–æ–Ω–æ—Ä–æ–º –∫—Ä–æ–≤–∏, –≤—Å—Ç—É–ø–∏—Ç—å –≤ —Ä–µ–µ—Å—Ç—Ä –¥–æ–Ω–æ—Ä–æ–≤ –∫–æ—Å—Ç–Ω–æ–≥–æ –º–æ–∑–≥–∞ –∏–ª–∏ –ø–æ—É—á–∞—Å—Ç–≤–æ–≤–∞—Ç—å –≤ –±–ª–∞–≥–æ—Ç–≤–æ—Ä–∏—Ç–µ–ª—å–Ω–æ–º —Å–±–æ—Ä–µ –≤ –ø–æ–¥–¥–µ—Ä–∂–∫—É –æ—Ä–≥–∞–Ω–∏–∑–∞—Ü–∏–∏ ""–î–æ–Ω–æ—Ä—Å—ë—Ä—á"", –∫–æ—Ç–æ—Ä–∞—è —É—Å–µ—Ä–¥–Ω–æ —Ä–∞–±–æ—Ç–∞–µ—Ç –Ω–∞–¥ –ø–æ–ø—É–ª—è—Ä–∏–∑–∞—Ü–∏–µ–π –¥–æ–Ω–æ—Ä—Å–∫–æ–≥–æ –¥–≤–∏–∂–µ–Ω–∏—è –∏ —Å–ø–∞—Å–µ–Ω–∏–µ–º –∂–∏–∑–Ω–µ–π.
   –î–æ–Ω–æ—Ä—Å—Ç–≤–æ ‚Äì —ç—Ç–æ –∞–∫—Ç —Å–∞–º–æ–æ—Ç–≤–µ—Ä–∂–µ–Ω–Ω–æ—Å—Ç–∏ –∏ —Å–æ—Å—Ç—Ä–∞–¥–∞–Ω–∏—è, –∫–æ—Ç–æ—Ä—ã–π –º–æ–∂–µ—Ç –∏–∑–º–µ–Ω–∏—Ç—å —Å—É–¥—å–±—É —Ç—ã—Å—è—á –ª—é–¥–µ–π. –û–¥–Ω–∞–∫–æ, –Ω–µ—Å–º–æ—Ç—Ä—è –Ω–∞ –µ–≥–æ –≤–∞–∂–Ω–æ—Å—Ç—å, –º–Ω–æ–≥–∏–µ –∏–∑ –Ω–∞—Å –Ω–µ –æ—Å–æ–∑–Ω–∞—é—Ç, –Ω–∞—Å–∫–æ–ª—å–∫–æ –ø—Ä–æ—Å—Ç–æ –º–æ–∂–Ω–æ —Å—Ç–∞—Ç—å –¥–æ–Ω–æ—Ä–æ–º –∏ –∫–∞–∫ –º–∞–ª—ã–π –∂–µ—Å—Ç –º–æ–∂–µ—Ç —Å—ã–≥—Ä–∞—Ç—å –æ–≥—Ä–æ–º–Ω—É—é —Ä–æ–ª—å –≤ —á—å–µ–π-—Ç–æ –∂–∏–∑–Ω–∏.
   –û—Ä–≥–∞–Ω–∏–∑–∞—Ü–∏—è ""–î–æ–Ω–æ—Ä—Å—ë—Ä—á"" –¥–µ–ª–∞–µ—Ç –≤—Å–µ –≤–æ–∑–º–æ–∂–Ω–æ–µ –¥–ª—è —Ç–æ–≥–æ, —á—Ç–æ–±—ã –ø—Ä–∏–≤–ª–µ—á—å –≤–Ω–∏–º–∞–Ω–∏–µ –∫ —ç—Ç–æ–π –ø—Ä–æ–±–ª–µ–º–µ, –ø—Ä–æ–≤–æ–¥—è –∏–Ω—Ñ–æ—Ä–º–∞—Ü–∏–æ–Ω–Ω—ã–µ –∫–∞–º–ø–∞–Ω–∏–∏, –æ–±—Ä–∞–∑–æ–≤–∞—Ç–µ–ª—å–Ω—ã–µ –º–µ—Ä–æ–ø—Ä–∏—è—Ç–∏—è –∏ –æ—Ä–≥–∞–Ω–∏–∑—É—è –±–ª–∞–≥–æ—Ç–≤–æ—Ä–∏—Ç–µ–ª—å–Ω—ã–µ –∞–∫—Ü–∏–∏. –ö–∞–∂–¥—ã–π –∏–∑ –Ω–∞—Å –∏–º–µ–µ—Ç –≤–æ–∑–º–æ–∂–Ω–æ—Å—Ç—å –≤–Ω–µ—Å—Ç–∏ —Å–≤–æ–π –≤–∫–ª–∞–¥ –≤ —ç—Ç—É –±–ª–∞–≥–æ—Ä–æ–¥–Ω—É—é –¥–µ—è—Ç–µ–ª—å–Ω–æ—Å—Ç—å.
   –ü–æ—ç—Ç–æ–º—É –º—ã –ø—Ä–∏–≥–ª–∞—à–∞–µ–º –≤–∞—Å –ø—Ä–∏–Ω—è—Ç—å —É—á–∞—Å—Ç–∏–µ –≤ –Ω–∞—à–µ–º –±–ª–∞–≥–æ—Ç–≤–æ—Ä–∏—Ç–µ–ª—å–Ω–æ–º —Å–±–æ—Ä–µ, –∫–æ—Ç–æ—Ä—ã–π –ø—Ä–∏—É—Ä–æ—á–µ–Ω –∫–æ –¥–Ω—é –¥–æ–Ω–æ—Ä–∞ –∏ –ø—Ä–æ–¥–ª–∏—Ç—Å—è –¥–æ 20 –∞–ø—Ä–µ–ª—è. –í–µ—Å—å —Å–æ–±—Ä–∞–Ω–Ω—ã–π –Ω–∞ —Å–æ–±—ã—Ç–∏–∏ –¥–æ—Ö–æ–¥ –±—É–¥–µ—Ç –Ω–∞–ø—Ä–∞–≤–ª–µ–Ω –Ω–∞ –ø–æ–¥–¥–µ—Ä–∂–∫—É –ø—Ä–æ–µ–∫—Ç–æ–≤ ""–î–æ–Ω–æ—Ä—Å—ë—Ä—á"", —á—Ç–æ–±—ã –ø–æ–º–æ—á—å –∏–º –ø—Ä–æ–¥–æ–ª–∂–∞—Ç—å —Å–≤–æ—é –¥–µ—è—Ç–µ–ª—å–Ω–æ—Å—Ç—å –∏ —Ä–∞—Å—à–∏—Ä—è—Ç—å —Å–≤–æ–π –æ—Ö–≤–∞—Ç.
   –í–º–µ—Å—Ç–µ –º—ã –º–æ–∂–µ–º —Å–¥–µ–ª–∞—Ç—å –±–æ–ª—å—à–µ! –ü—Ä–∏—Å–æ–µ–¥–∏–Ω—è–π—Ç–µ—Å—å –∫ –Ω–∞–º –∏ –ø–æ–º–æ–≥–∏—Ç–µ –Ω–∞–º —Å–ø–∞—Å—Ç–∏ –∂–∏–∑–Ω–∏ —á–µ—Ä–µ–∑ –¥–æ–Ω–æ—Ä—Å—Ç–≤–æ. –í–∞—à –≤–∫–ª–∞–¥ –∏–º–µ–µ—Ç –∑–Ω–∞—á–µ–Ω–∏–µ!

   –° —É–≤–∞–∂–µ–Ω–∏–µ–º, –ù–∏–∫–∏—Ç–∞ ‚Äî –¥–µ–π—Å—Ç–≤—É—é—â–∏–π –¥–æ–Ω–æ—Ä –∫—Ä–æ–≤–∏ –∏ –µ—ë –∫–æ–º–ø–æ–Ω–µ–Ω—Ç–æ–≤.",–ê–∫—Ç–∏–≤–Ω—ã–π —Å–±–æ—Ä,–î–∞,5000.00,650.00,5,5,0,20.03.2024,20.04.2024
15,210275,–û—Å–æ–±—ã–π —Å–ª—É—á–∞–π,"–í—Å–µ–º –ø—Ä–∏–≤–µ—Ç! 
–•–æ—Ç–µ–ª–æ—Å—å –±—ã —Ä–∞—Å—Å–∫–∞–∑–∞—Ç—å –ø—Ä–æ –æ—á–µ–Ω—å –∫–ª–∞—Å—Å–Ω—ã–π –ø—Ä–æ–µ–∫—Ç ü©∏

–ë–µ–∑ –ª—é–¥–µ–π –Ω–µ—Ç –¥–æ–Ω–æ—Ä–æ–≤, –±–µ–∑ –ø–æ–¥–¥–µ—Ä–∂–∫–∏ –Ω–µ—Ç DonorSearch‚ù§

–°–æ–≤—Å–µ–º —Å–∫–æ—Ä–æ, 20 –∞–ø—Ä–µ–ª—è, –µ–∂–µ–≥–æ–¥–Ω–æ –æ—Ç–º–µ—á–∞–µ—Ç—Å—è –ù–∞—Ü–∏–æ–Ω–∞–ª—å–Ω—ã–π –¥–µ–Ω—å –î–æ–Ω–æ—Ä–∞ –∫—Ä–æ–≤–∏ü©∏–í —Å–≤—è–∑–∏ —Å —ç—Ç–∏–º –ø—Ä–µ–∫—Ä–∞—Å–Ω—ã–º —Å–æ–±—ã—Ç–∏–µ–º —Ö–æ—Ç–µ–ª–æ—Å—å –±—ã —Å–æ–∑–¥–∞—Ç—å –¥–∞–Ω–Ω—ã–π —Å–±–æ—Ä. 

DonorSearch –º–æ—Ç–∏–≤–∏—Ä—É–µ—Ç –ª—é–¥–µ–π —Å—Ç–∞–Ω–æ–≤–∏—Ç—Å—è –¥–æ–Ω–æ—Ä–∞–º–∏. –° –Ω–∏–º–∏ –ª–µ–≥—á–µ –ø—Ä–æ–π—Ç–∏ –ø—É—Ç—å –æ—Ç –Ω–æ–≤–∏—á–∫–∞ –¥–æ –∑–≤–∞–Ω–∏—è –ü–æ—á—ë—Ç–Ω–æ–≥–æ –¥–æ–Ω–æ—Ä–∞ üòç –û–Ω–∏ –∑–∞–Ω–∏–º–∞—é—Ç—Å—è –ø—Ä–æ–ø–∞–≥–∞–Ω–¥–æ–π ¬´–ø—Ä–∞–≤–∏–ª—å–Ω–æ–≥–æ¬ª –¥–æ–Ω–æ—Ä—Å—Ç–≤–∞, –ø–æ–º–æ–≥–∞—é—Ç –≤ —á–∞—Ç–µ 24/7 –≤ —Ä–∞–∑–ª–∏—á–Ω—ã—Ö –≤–æ–ø—Ä–æ—Å–∞—Ö –∏ —Å–∞–º–æ–µ –≥–ª–∞–≤–Ω–æ–µ - –ø—Ä–∏–∑—ã–≤–∞—é—Ç –±–µ—Ä–µ–∂–Ω–æ –æ—Ç–Ω–æ—Å–∏—Ç—å—Å—è –∫ —Å–≤–æ–µ–º—É –∑–¥–æ—Ä–æ–≤—å—é ‚ù§

–î–æ–±—Ä–æ –¥–∞—ë—Ç —Å–∏–ª—ã ü•∞ –°–∞–º–æ–µ –ø—Ä–µ–∫—Ä–∞—Å–Ω–æ–µ —á—É–≤—Å—Ç–≤–æ - –≤–æ–∑–≤—Ä–∞—â–∞—Ç—å—Å—è –Ω–∞ –¥–æ–Ω–∞—Ü–∏–∏ —Å–Ω–æ–≤–∞ –∏ —Å–Ω–æ–≤–∞ –∏ –¥–∞—Ä–∏—Ç—å —á–∞—Å—Ç–∏—á–∫—É —Å–µ–±—è. 

–ü—Ä–æ—à—É –ø–æ–¥–¥–µ—Ä–∂–∞—Ç—å —Ä–∞–∑–≤–∏—Ç–∏–µ –ø—Ä–æ–µ–∫—Ç–∞ DonorSearch ‚ù§ 
–°–ø–∞—Å–∏–±–æ —Ç–µ–º, –∫—Ç–æ —ç—Ç–æ —Å–¥–µ–ª–∞–µ—Ç ü´∂",–ê–∫—Ç–∏–≤–Ω—ã–π —Å–±–æ—Ä,–ù–µ—Ç,,11485.00,35,28,7,20.03.2024,20.04.2024
14,143468,–û—Å–æ–±—ã–π —Å–ª—É—á–∞–π,–ü–æ–¥–¥–µ—Ä–∂–∫–∞ –ü—Ä–æ–µ–∫—Ç–∞,–ê–∫—Ç–∏–≤–Ω—ã–π —Å–±–æ—Ä,–ù–µ—Ç,,1600.00,19,15,4,20.03.2024,20.04.2024
13,141625,–û—Å–æ–±—ã–π —Å–ª—É—á–∞–π,"–í—Å–µ–º –ø—Ä–∏–≤–µ—Ç! 
–ù–∞ —Å–≤—è–∑–∏ –†–æ–º–∞–Ω, –ø–æ—á–µ—Ç–Ω—ã–π –¥–æ–Ω–æ—Ä –ú–æ—Å–∫–≤—ã –∏ –†–æ—Å—Å–∏–∏ –∏ –ø—Ä–æ—Å—Ç–æ –≤–æ–ª–æ–Ω—Ç–µ—Ä.
–Ø —Å—á–∏—Ç–∞—é —á—Ç–æ –≤–æ–ª–æ–Ω—Ç–µ—Ä—Å—Ç–≤–æ –¥–æ–ª–∂–Ω–æ –±—ã—Ç—å –Ω–æ—Ä–º–æ–π –∂–∏–∑–Ω–∏.

20 –∞–ø—Ä–µ–ª—è –µ–∂–µ–≥–æ–¥–Ω–æ –æ—Ç–º–µ—á–∞–µ—Ç—Å—è –ù–∞—Ü–∏–æ–Ω–∞–ª—å–Ω—ã–π –¥–µ–Ω—å –¥–æ–Ω–æ—Ä–∞! –í —ç—Ç–æ—Ç –æ—Å–æ–±—ã–π –¥–µ–Ω—å –¥–ª—è –º–µ–Ω—è –∏ –º–∏–ª–ª–∏–æ–Ω–æ–≤ –†–æ—Å—Å–∏—è–Ω, —è –æ—Ç–∫—Ä—ã–≤–∞—é —Å–±–æ—Ä —Å—Ä–µ–¥—Å—Ç–≤ –≤ –ø–æ–¥–¥–µ—Ä–∂–∫—É —Å–µ—Ä–≤–∏—Å–∞ DonorSearch.

–ë–ª–∞–≥–æ–¥–∞—Ä—è –¥–æ–±—Ä–æ–≤–æ–ª—å–Ω—ã–º –ø–æ–∂–µ—Ä—Ç–≤–æ–≤–∞–Ω–∏—è–º –ø—Ä–æ–µ–∫—Ç DonorSearch –º–æ–∂–µ—Ç –¥–æ–ø–æ–ª–Ω–∏—Ç–µ–ª—å–Ω–æ –º–æ—Ç–∏–≤–∏—Ä–æ–≤–∞—Ç—å –ª—é–¥–µ–π —Å–¥–∞–≤–∞—Ç—å –∫—Ä–æ–≤—å, –≤ —Ç–æ–º —á–∏—Å–ª–µ –æ—Ä–∏–µ–Ω—Ç–∏—Ä—É—è—Å—å –Ω–∞ –º–Ω–µ–Ω–∏–µ –¥–æ–Ω–æ—Ä–æ–≤, –≤–æ–ª–æ–Ω—Ç–µ—Ä–æ–≤, —Ç—Ä–∞–Ω—Å—Ñ—É–∑–∏–æ–ª–æ–≥–æ–≤ –∏ –Ω–µ –Ω–∞—Ö–æ–¥—è—Å—å –≤ –∂–µ—Å—Ç–∫–æ–π –∑–∞–≤–∏—Å–∏–º–æ—Å—Ç–∏ –æ—Ç –≥—Ä–∞–Ω—Ç–æ–≤ (–≤ —Ç–æ–º —á–∏—Å–ª–µ —Å–æ–∑–¥–∞–≤–∞—Ç—å –¥–æ–ø–æ–ª–Ω–∏—Ç–µ–ª—å–Ω—ã–µ –∏–Ω—Ñ–æ—Ä–º–∞—Ü–∏–æ–Ω–Ω—ã–µ –º–∞—Ç–µ—Ä–∏–∞–ª—ã, –≥–∏–±–∫–æ –∏ –±—ã—Å—Ç—Ä–æ —Ä–µ–∞–≥–∏—Ä–æ–≤–∞—Ç—å –Ω–∞ –∑–∞–ø—Ä–æ—Å—ã –ø–æ–ª—å–∑–æ–≤–∞—Ç–µ–ª–µ–π, —Ä–∞–∑–≤–∏–≤–∞—Ç—å —Å–∞–π—Ç –∏ —Å–µ—Ä–≤–∏—Å—ã –∏ –º–Ω–æ–≥–æ–µ-–º–Ω–æ–≥–æ–µ –¥—Ä—É–≥–æ–µ).

–Ø –ø—Ä–µ–¥–ª–∞–≥–∞—é –ø–æ–¥–¥–µ—Ä–∂–∞—Ç—å DonorSearch, –∞ –ø–æ–≤–æ–¥–æ–º —Ç–∞–∫–æ–π –ø–æ–¥–∞—Ä–æ–∫ —Å—á–∏—Ç–∞—Ç—å 20 –∞–ø—Ä–µ–ª—è - –ù–∞—Ü–∏–æ–Ω–∞–ª—å–Ω—ã–π –¥–µ–Ω—å –¥–æ–Ω–æ—Ä–∞ –∫—Ä–æ–≤–∏.

–í—ã –º–æ–∂–µ—Ç–µ –ø–æ–∂–µ—Ä—Ç–≤–æ–≤–∞—Ç—å –ª—é–±—É—é —Å—É–º–º—É –∏–ª–∏ —Å–æ–∑–¥–∞—Ç—å —Å–±–æ—Ä —Å–∞–º–æ—Å—Ç–æ—è—Ç–µ–ª—å–Ω–æ.

–°–ø–∞—Å–∏–±–æ –≤–∞–º –∑–∞ –≤–∞—à–µ —É—á–∞—Å—Ç–∏–µ!",–ê–∫—Ç–∏–≤–Ω—ã–π —Å–±–æ—Ä,–ù–µ—Ç,,14139.00,12,11,1,20.03.2024,20.04.2024
11,237235,–û—Å–æ–±—ã–π —Å–ª—É—á–∞–π,"–ü—Ä–∏–≤–µ—Ç! –ú–µ–Ω—è –∑–æ–≤—É—Ç –ò–≤–∞–Ω –∏ —è —Ä–µ–≥—É–ª—è—Ä–Ω–æ —Å–¥–∞—é –∫—Ä–æ–≤—å (–∫–æ–º–ø–æ–Ω–µ–Ω—Ç—ã)  —Å 2020 –≥–æ–¥–∞.

20 –∞–ø—Ä–µ–ª—è –æ—Ç–º–µ—á–∞–µ—Ç—Å—è –î–µ–Ω—å –¥–æ–Ω–æ—Ä–∞!
–í —Å–≤—è–∑–∏ —Å –ø—Ä–∞–∑–¥–Ω–∏–∫–æ–º, –ø—Ä–µ–¥–ª–∞–≥–∞—é –ø–æ–¥–¥–µ—Ä–∂–∞—Ç—å –ø—Ä–æ–µ–∫—Ç DonorSearch.

–ö–∞–∫–∞—è –±—ã –Ω–µ –±—ã–ª–∞ –º–æ—Ç–∏–≤–∞—Ü–∏—è —Å–¥–∞–≤–∞—Ç—å –∫—Ä–æ–≤—å (–ø–æ–º–æ—â—å –ª—é–¥—è–º, –¥–µ–Ω–µ–∂–Ω–∞—è –∫–æ–º–ø–µ–Ω—Å–∞—Ü–∏—è, –æ—Ç–≥—É–ª—ã –Ω–∞ —Ä–∞–±–æ—Ç–µ –∏–ª–∏ –ø—É—Ç—å –∫ –ø–æ—á–µ—Ç–Ω–æ–º—É –¥–æ–Ω–æ—Ä—É), –ø–æ–º–Ω–∏, —á—Ç–æ —Å–¥–∞–≤ –æ–¥–∏–Ω —Ä–∞–∑ –∫—Ä–æ–≤—å - —Ç—ã —Å–ø–∞—Å–µ—à—å –∂–∏–∑–Ω—å –ª—é–¥—è–º, –∫–æ—Ç–æ—Ä—ã–º –Ω—É–∂–Ω–∞ –¢–í–û–Ø –ø–æ–º–æ—â—å!
–ù–∞—á–Ω–∏ —É–∂–µ —Å–µ–≥–æ–¥–Ω—è - –∑–∞–ø–∏—à–∏—Å—å –Ω–∞ —Å—Ç–∞–Ω—Ü–∏—é –ø–µ—Ä–µ–ª–∏–≤–∞–Ω–∏—è –∫—Ä–æ–≤–∏ –∏ —Å–¥–∞–π –∫—Ä–æ–≤—å!",–ê–∫—Ç–∏–≤–Ω—ã–π —Å–±–æ—Ä,–ù–µ—Ç,,5000.00,14,13,1,20.03.2024,20.04.2024
10,2726,–û—Å–æ–±—ã–π —Å–ª—É—á–∞–π,"–í—Å–µ–º –ø—Ä–∏–≤–µ—Ç! –ù–∞ —Å–≤—è–∑–∏ –ï–ª–µ–Ω–ê–Ω–∞—Ç–æ–ª—å–Ω–∞üëã. 
20 –∞–ø—Ä–µ–ª—è –≤ –†–æ—Å—Å–∏–∏ –æ—Ç–º–µ—á–∞–µ—Ç—Å—è –ù–∞—Ü–∏–æ–Ω–∞–ª—å–Ω—ã–π –¥–µ–Ω—å –¥–æ–Ω–æ—Ä–∞, –∏ –ø–æ —ç—Ç–æ–º—É –ø–æ–≤–æ–¥—É —è –æ—Ç–∫—Ä—ã–≤–∞—é —Å–±–æ—Ä –≤ –ø–æ–¥–¥–µ—Ä–∂–∫—É –ª—é–±–∏–º–æ–≥–æ –ø—Ä–æ–µ–∫—Ç–∞ DonorSearchü©∏. 
–¶–µ–ª—å –ø—Ä–æ–µ–∫—Ç–∞ —ç—Ç–æ –º–æ—Ç–∏–≤–∞—Ü–∏—è –∏ –∏–Ω—Ñ–æ—Ä–º–∏—Ä–æ–≤–∞–Ω–∏–µ –±—É–¥—É—â–∏—Ö –∏ –Ω–∞—Å—Ç–æ—è—â–∏—Ö –¥–æ–Ω–æ—Ä–æ–≤, –∑–∞–±–æ—Ç–∞ –∏ –ø–æ–º–æ—â—å. 
–ë–µ–∑ –ª—é–¥–µ–π –Ω–µ—Ç –¥–æ–Ω–æ—Ä–æ–≤, –±–µ–∑ –ø–æ–¥–¥–µ—Ä–∂–∫–∏ –Ω–µ—Ç DonorSearch‚ù£Ô∏è.",–ê–∫—Ç–∏–≤–Ω—ã–π —Å–±–æ—Ä,–ù–µ—Ç,,1500.00,11,11,0,20.03.2024,20.04.2024
8,239623,–ü—Ä–æ—Å—Ç–æ —Ç–∞–∫,"–ü—Ä–∏–≤–µ—Ç, –º–µ–Ω—è –∑–æ–≤—É—Ç –ù–∞—Ç–∞–ª—å—è. –Ø —è–≤–ª—è—é—Å—å –¥–æ–Ω–æ—Ä–æ–º –∫—Ä–æ–≤–∏ —Å 2007 –≥–æ–¥–∞, –∞ –≤ 2023 –≤—Å—Ç—É–ø–∏–ª–∞ –≤ —Ä—è–¥—ã –ü–æ—á—ë—Ç–Ω—ã—Ö –î–æ–Ω–æ—Ä–æ–≤ –†–æ—Å—Å–∏–∏. –ö —Å–æ–∂–∞–ª–µ–Ω–∏—é –≤ –Ω–∞—à–µ–π —Å—Ç—Ä–∞–Ω–µ –Ω–∞ —Ä–∞–∑–≤–∏—Ç–∏–µ –¥–æ–Ω–æ—Ä—Å–∫–∏—Ö –¥–≤–∏–∂–µ–Ω–∏–π —É–¥–µ–ª—è–µ—Ç—Å—è –æ—á–µ–Ω—å –º–∞–ª–æ –≤–Ω–∏–º–∞–Ω–∏—è –∏ —Ç–∞–∫–∏–µ –ø—Ä–æ–µ–∫—Ç—ã –∫–∞–∫ DonorSearch —Å—É—â–µ—Å—Ç–≤—É—é—Ç —Ç–æ–ª—å–∫–æ –±–ª–∞–≥–æ–¥–∞—Ä—è –ø–æ—Å—Ç–æ—è–Ω–Ω—ã–º –¥–æ–Ω–æ—Ä–∞–º.

20 –∞–ø—Ä–µ–ª—è  –º—ã –≤–Ω–æ–≤—å –æ—Ç–º–µ—Ç–∏–º –î–µ–Ω—å –î–æ–Ω–æ—Ä–∞! –ò –ø–æ —ç—Ç–æ–º—É –æ—Å–æ–±–æ–º—É —Å–ª—É—á–∞—é —è –æ—Ç–∫—Ä—ã–≤–∞—é —Å–±–æ—Ä —Å—Ä–µ–¥—Å—Ç–≤ –≤ –ø–æ–¥–¥–µ—Ä–∂–∫—É —Å–µ—Ä–≤–∏—Å–∞ DonorSearch.‚ô•Ô∏è

–ï—Å–ª–∏ —Ç—ã —Ö–æ—á–µ—à—å, –Ω–æ –Ω–µ –º–æ–∂–µ—à—å –ø–æ —Ä—è–¥—É –ø—Ä–∏—á–∏–Ω —Å—Ç–∞—Ç—å –¥–æ–Ω–æ—Ä–æ–º,—Ç–æ —Ç—ã –º–æ–∂–µ—à—å –≤–Ω–µ—Å—Ç–∏ –≤–∫–ª–∞–¥ –≤ –ø–æ–¥–¥–µ—Ä–∂–∫—É —ç—Ç–æ–≥–æ —Å–µ—Ä–≤–∏—Å–∞.‚ô•Ô∏è

–ü–æ–º–Ω–∏, –±–µ–∑ –ª—é–¥–µ–π –Ω–µ—Ç –¥–æ–Ω–æ—Ä–æ–≤!",–ê–∫—Ç–∏–≤–Ω—ã–π —Å–±–æ—Ä,–ù–µ—Ç,,300.00,1,1,0,20.03.2024,20.04.2024
7,152420,–û—Å–æ–±—ã–π —Å–ª—É—á–∞–π,–°—É–º–º–∞ —Å–±–æ—Ä–∞ –ø–æ–π–¥–µ—Ç –¥–ª—è —Ä–∞–∑–≤–∏—Ç–∏–µ donorsearch,–ê–∫—Ç–∏–≤–Ω—ã–π —Å–±–æ—Ä,–ù–µ—Ç,,100.00,1,1,0,20.03.2024,20.04.2024
6,259421,–û—Å–æ–±—ã–π —Å–ª—É—á–∞–π,"–ï–∂–µ–≥–æ–¥–Ω–æ –±–æ–ª–µ–µ 1,5 –º–ª–Ω —á–µ–ª–æ–≤–µ–∫ –Ω—É–∂–¥–∞–µ—Ç—Å—è –≤ –ø–µ—Ä–µ–ª–∏–≤–∞–Ω–∏–∏ –∫—Ä–æ–≤–∏ –∏ –µ–µ –∫–æ–º–ø–æ–Ω–µ–Ω—Ç–æ–≤: –ø–ª–∞–∑–º—ã –∏ —Ç—Ä–æ–º–±–æ—Ü–∏—Ç–æ–≤. –õ–∏—à–Ω–µ–π –∫—Ä–æ–≤–∏, –∫–æ—Ç–æ—Ä—É—é –ø—Ä–∏—à–ª–æ—Å—å –±—ã —É–Ω–∏—á—Ç–æ–∂–∞—Ç—å, –≤ –±–∞–Ω–∫–∞—Ö –ø–æ—á—Ç–∏ –Ω–∏–∫–æ–≥–¥–∞ –Ω–µ—Ç. –í –†–æ—Å—Å–∏–∏ –∫—Ä–æ–≤—å —Å–¥–∞–µ—Ç –≤—Å–µ–≥–æ 1,7% –ª—é–¥–µ–π. –î–ª—è —Ç–æ–≥–æ —á—Ç–æ–±—ã –æ–±–µ—Å–ø–µ—á–∏—Ç—å –¥–æ—Å—Ç–∞—Ç–æ—á–Ω—ã–π –∑–∞–ø–∞—Å –∫—Ä–æ–≤–∏, –Ω—É–∂–Ω–æ, —á—Ç–æ–±—ã –¥–æ–Ω–æ—Ä–∞–º–∏ –±—ã–ª–∏ —Ö–æ—Ç—è –±—ã 4% –Ω–∞—Å–µ–ª–µ–Ω–∏—è. –°–¥–∞–≤–∞—Ç—å –∫—Ä–æ–≤—å –≤–ø–µ—Ä–≤—ã–µ –Ω–µ —Ç–∞–∫ —Å—Ç—Ä–∞—à–Ω–æ, –∫–æ–≥–¥–∞ —Ä—è–¥–æ–º –µ—Å—Ç—å –æ–ø—ã—Ç–Ω—ã–π –∫–æ–º–ø–∞–Ω—å–æ–Ω. –†–∞—Å—Å–∫–∞–∂–∏—Ç–µ —Å–æ–±–µ—Å–µ–¥–Ω–∏–∫—É –æ —Ç–æ–º, –∫–æ–≥–¥–∞ —É –≤–∞—Å –ø–æ–¥–æ–π–¥–µ—Ç –≤—Ä–µ–º—è —Å–ª–µ–¥—É—é—â–µ–π —Å–¥–∞—á–∏ –∫—Ä–æ–≤–∏, –ø—Ä–µ–¥–ª–æ–∂–∏—Ç–µ –≤—ã–±—Ä–∞—Ç—å –¥–µ–Ω—å –∏ –≤–º–µ—Å—Ç–µ –æ—Ç–ø—Ä–∞–≤–∏—Ç—å—Å—è –≤ –ø—É–Ω–∫—Ç. –í—ã –≤—Å–µ –≤—Ä–µ–º—è –±—É–¥–µ—Ç–µ —Ä—è–¥–æ–º, —Å–º–æ–∂–µ—Ç–µ –ø–æ–∫–∞–∑—ã–≤–∞—Ç—å –ø—Ä–æ—Ü–µ—Å—Å –Ω–∞ —Å–≤–æ–µ–º –ø—Ä–∏–º–µ—Ä–µ –∏ –ø–æ–¥–¥–µ—Ä–∂–∏–≤–∞—Ç—å. –î–∞–≤–∞–π—Ç–µ –ø–æ–¥–¥–µ—Ä–∂–∏–≤–∞—Ç—å –¥–∞–Ω–Ω—ã–π –ø—Ä–æ–µ–∫—Ç, –ø–æ—Å–∫–æ–ª—å–∫—É —Ä–∞–Ω–æ –∏–ª–∏ –ø–æ–∑–¥–Ω–æ –∫–∞–∂–¥—ã–π –º–æ–∂–µ—Ç –Ω—É–∂–¥–∞–µ—Ç—Å—è –≤ –¥–æ–Ω–æ—Ä—Å–∫—Ä–æ–π –∫—Ä–æ–≤–∏.",–ê–∫—Ç–∏–≤–Ω—ã–π —Å–±–æ—Ä,–ù–µ—Ç,,600.00,2,2,0,20.03.2024,20.04.2024
5,220628,–û—Å–æ–±—ã–π —Å–ª—É—á–∞–π,"–ü—Ä–∏–≤–µ—Ç!
–ù–∞ —Å–≤—è–∑–∏ –¥–µ–π—Å—Ç–≤—É—é—â–∏–π –¥–æ–Ω–æ—Ä - –Æ–ª—è!üß° 
–Ø –≤—Å–µ–≥–¥–∞ –¥—É–º–∞–ª–∞,—á–µ–º —è –º–æ–≥—É –ø–æ–º–æ—á—å —ç—Ç–æ–º—É –º–∏—Ä—É) –ò –≤–æ—Ç —Å–≤–æ–π –ø—É—Ç—å –¥–æ–±—Ä–æ–≥–æ –¥–µ–ª–∞ –Ø –Ω–∞—á–∞–ª–∞ –≤ –∏—é–ª–µ 2022 –≥–æ–¥–∞‚ù£Ô∏è
 
–ö —á–µ–º—É —ç—Ç–æ —è –ø–∏—à—É,—Å–ø—Ä–æ—Å–∏—Ç–µ –≤—ã?!) –¢–∞–∫ –≤–æ—Ç:...
20 –∞–ø—Ä–µ–ª—è –µ–∂–µ–≥–æ–¥–Ω–æ –æ—Ç–º–µ—á–∞–µ—Ç—Å—è –ù–∞—Ü–∏–æ–Ω–∞–ª—å–Ω—ã–π –î–µ–Ω—å –î–æ–Ω–æ—Ä–∞! –ò –ø–æ —ç—Ç–æ–º—É –æ—Å–æ–±–æ–º—É —Å–ª—É—á–∞—é —è –æ—Ç–∫—Ä—ã–≤–∞—é —Å–±–æ—Ä —Å—Ä–µ–¥—Å—Ç–≤ –≤ –ø–æ–¥–¥–µ—Ä–∂–∫—É —Ñ–æ–Ω–¥–∞ DonorSearch.‚ù£Ô∏è
 DonorSearch –º–æ—Ç–∏–≤–∏—Ä—É–µ—Ç –ª—é–¥–µ–π —Å–¥–∞–≤–∞—Ç—å –∫—Ä–æ–≤—å,–µ–µ –∫–æ–º–ø–æ–Ω–µ–Ω—Ç—ã –∏ –ø–ª–∞–∑–º—É, –±—ã—Å—Ç—Ä–æ —Ä–µ–∞–≥–∏—Ä—É–µ—Ç –Ω–∞ –≤–æ–ª–Ω—É—é—â–∏–µ –≤–æ–ø—Ä–æ—Å—ã –¥–æ–Ω–æ—Ä–æ–≤ –∏ –Ω–µ —Ç–æ–ª—å–∫–æ,–≤ –æ–±—â–µ–º –ø–æ–¥–¥–µ—Ä–∂–∫–∞ –¥–æ–Ω–æ—Ä–æ–≤ 24/7‚ù£Ô∏è –ê –µ—â—ë —ç—Ç–æ—Ç –ø—Ä–æ–µ–∫—Ç –ø–æ–º–æ–≥–∞–µ—Ç –ø—Ä–æ–π—Ç–∏ –ø—É—Ç—å –æ—Ç –Ω–æ–≤–∏—á–∫–∞ –¥–æ –∑–≤–∞–Ω–∏—è ""–ü–æ—á–µ—Ç–Ω—ã–π –î–æ–Ω–æ—Ä""‚ù£Ô∏è
–ë–ª–∞–≥–æ–¥–∞—Ä—è —ç—Ç–æ–º—É —Ñ–æ–Ω–¥—É, —è —Ä–µ–≥—É–ª—è—Ä–Ω—ã–π –¥–æ–Ω–æ—Ä‚ù£Ô∏è
–ï—Å–ª–∏ —Ç—ã —Ö–æ—á–µ—à—å, –Ω–æ –Ω–µ –º–æ–∂–µ—à—å –ø–æ —Ä—è–¥—É –ø—Ä–∏—á–∏–Ω —Å—Ç–∞—Ç—å –¥–æ–Ω–æ—Ä–æ–º,—Ç–æ —Ç—ã –º–æ–∂–µ—à—å –≤–Ω–µ—Å—Ç–∏ —á–∞—Å—Ç–∏—á–∫—É —Å–µ–±—è –≤ –ø–æ–¥–¥–µ—Ä–∂–∫—É –∏ —Ä–∞–∑–≤–∏—Ç–∏–µ —ç—Ç–æ–≥–æ —Å–µ—Ä–≤–∏—Å–∞ –∞–±—Å–æ–ª—é—Ç–Ω–æ –ª—é–±–æ–π —Å—É–º–º–æ–π,–¥–∞–∂–µ –≤–∞—à–∏ 10 —Ä—É–±–ª–µ–π –±—É–¥—É—Ç –∑–Ω–∞—á–∏–º—ã —Ñ–æ–Ω–¥—É‚ù£Ô∏è –í–ª–æ–∂–µ–Ω–Ω—ã–µ –≤–∞–º–∏ —Å—Ä–µ–¥—Å—Ç–≤–∞ –ø–æ–π–¥—É—Ç –Ω–∞ —Ä–∞–∑–≤–∏—Ç–∏–µ –∏ —É–ª—É—á—à–µ–Ω–∏—è –∫–∞—á–µ—Å—Ç–≤–∞ –¥–∞–Ω–Ω–æ–≥–æ —Å–µ—Ä–≤–∏—Å–∞ü§ó
–ü–æ–º–Ω–∏,  —á—Ç–æ –≥–µ—Ä–æ–∏ –Ω–µ –Ω–æ—Å—è—Ç –ø–ª–∞—â–∏! 
–ò –î–æ–±—Ä–æ—Ç–∞ —É –Ω–∞—Å –≤ –∫—Ä–æ–≤–∏‚ù£Ô∏è 

–ë–ª–∞–≥–æ–¥–∞—Ä—é –∑–∞ —É–¥–µ–ª—ë–Ω–Ω–æ–µ –≤—Ä–µ–º—è –∏ –≤–∞—à–µ –≤–Ω–∏–º–∞–Ω–∏–µ ‚ù£Ô∏è‚ù£Ô∏è‚ù£Ô∏è",–ê–∫—Ç–∏–≤–Ω—ã–π —Å–±–æ—Ä,–ù–µ—Ç,,5010.00,25,20,5,20.03.2024,20.04.2024
4,260422,–û—Å–æ–±—ã–π —Å–ª—É—á–∞–π,"–í—Å–µ–º –ø—Ä–∏–≤–µ—Ç!

–Ø —Å –¥–µ—Ç—Å—Ç–≤–∞ –º–µ—á—Ç–∞–ª–∞ —Å–ø–∞—Å–∞—Ç—å –º–∏—Ä, –Ω–æ –Ω–µ –∑–Ω–∞–ª–∞ –∫–∞–∫. –ù–æ –Ω–µ —Ç–∞–∫ –¥–∞–≤–Ω–æ —è —Å—Ç–∞–ª–∞ –¥–æ–Ω–æ—Ä–æ–º –∫—Ä–æ–≤–∏, –∏ –º–æ—è –º–µ—á—Ç–∞ –Ω–∞—á–∞–ª–∞ —Å–±—ã–≤–∞—Ç—å—Å—è)))

–ö–æ–Ω–µ—á–Ω–æ, –Ω–µ –∫–∞–∂–¥—ã–π –º–æ–∂–µ—Ç —Å–¥–∞–≤–∞—Ç—å –∫—Ä–æ–≤—å –∏ –µ–µ –∫–æ–º–ø–æ–Ω–µ–Ω—Ç—ã, –Ω–æ –∫–∞–∂–¥–æ–º—É –ø–æ —Å–∏–ª–∞–º –ø–æ–º–æ—á—å –¥–æ–Ω–æ—Ä—Å–∫–æ–º—É –¥–≤–∏–∂–µ–Ω–∏—é.

20 –∞–ø—Ä–µ–ª—è –≤ –†–æ—Å—Å–∏–∏ –æ—Ç–º–µ—á–∞–µ—Ç—Å—è –ù–∞—Ü–∏–æ–Ω–∞–ª—å–Ω—ã–π –¥–µ–Ω—å –¥–æ–Ω–æ—Ä–∞ –∫—Ä–æ–≤–∏, –∏ —è —Ö–æ—á—É —Ä–∞—Å—Å–∫–∞–∑–∞—Ç—å –≤–∞–º –æ —Å–æ–æ–±—â–µ—Å—Ç–≤–µ –¥–æ–Ω–æ—Ä–æ–≤ DonorSearch.

–ú–∏—Å—Å–∏—è –ø—Ä–æ–µ–∫—Ç–∞ DonorSearch ‚Äî —Å–¥–µ–ª–∞—Ç—å —Ç–∞–∫, —á—Ç–æ–±—ã –∫–∞–∂–¥—ã–π –¥–µ–Ω—å –≤ –∫–∞–∂–¥—ã–π —Ü–µ–Ω—Ç—Ä –∫—Ä–æ–≤–∏ –ø—Ä–∏—Ö–æ–¥–∏–ª–æ –Ω—É–∂–Ω–æ–µ —á–∏—Å–ª–æ –¥–æ–Ω–æ—Ä–æ–≤, –ø–æ–¥–¥–µ—Ä–∂–∏–≤–∞—è –∏ –º–æ—Ç–∏–≤–∏—Ä—É—è –∏—Ö. 
–ë–µ–∑ –ª—é–¥–µ–π –Ω–µ—Ç –¥–æ–Ω–æ—Ä–æ–≤,‚Ä®–∞ –±–µ–∑ –ø–æ–¥–¥–µ—Ä–∂–∫–∏ –Ω–µ—Ç DonorSearch.

–î–∞–≤–∞–π—Ç–µ –ø–æ–¥–¥–µ—Ä–∂–∏–º —ç—Ç–æ—Ç –ø—Ä–æ–µ–∫—Ç?))
–í—ã –º–æ–∂–µ—Ç–µ –ø–æ–∂–µ—Ä—Ç–≤–æ–≤–∞—Ç—å –ª—é–±—É—é —Å—É–º–º—É, –±—É–∫–≤–∞–ª—å–Ω–æ 10-50-100 —Ä—É–±–ª–µ–π —Ç–æ–∂–µ –æ—á–µ–Ω—å –ø–æ–º–æ–≥–∞—é—Ç‚ù§Ô∏è

–°–ø–∞—Å–∏–±–æ –≤–∞–º –∑–∞ –≤–∞—à–µ —É—á–∞—Å—Ç–∏–µ!",–ê–∫—Ç–∏–≤–Ω—ã–π —Å–±–æ—Ä,–ù–µ—Ç,,6000.00,16,15,1,20.03.2024,20.04.2024
3,149226,–û—Å–æ–±—ã–π —Å–ª—É—á–∞–π,"–ü—Ä–∏–≤–µ—Ç!
–ï–∂–µ–≥–æ–¥–Ω–æ 20 –∞–ø—Ä–µ–ª—è –≤ –†–æ—Å—Å–∏–∏ –æ—Ç–º–µ—á–∞–µ—Ç—Å—è –ù–∞—Ü–∏–æ–Ω–∞–ª—å–Ω—ã–π –¥–µ–Ω—å –¥–æ–Ω–æ—Ä–∞ –∫—Ä–æ–≤–∏. 
–ú–µ–Ω—è –∑–æ–≤—É—Ç –û–ª—è, —è –¥–æ–Ω–æ—Ä –∫—Ä–æ–≤–∏ –∏ —Å—á–∏—Ç–∞—é –æ—á–µ–Ω—å –≤–∞–∂–Ω—ã–º —Ä–∞–∑–≤–∏—Ç–∏–µ –¥–æ–Ω–æ—Ä—Å—Ç–≤–∞ –∫—Ä–æ–≤–∏ –∏ –∫–æ–º–ø–æ–Ω–µ–Ω—Ç–æ–≤. –ü–æ—ç—Ç–æ–º—É —è —Ä–∞—Å—Å–∫–∞–∑—ã–≤–∞—é –Ω–µ —Ç–æ–ª—å–∫–æ –æ –≤–∞–∂–Ω–æ—Å—Ç–∏ –¥–æ–Ω–æ—Ä—Å—Ç–≤–∞, –Ω–æ –∏ –æ —Ç–æ–º, —á—Ç–æ –µ—Å—Ç—å —Å–æ–æ–±—â–µ—Å—Ç–≤–æ –¥–æ–Ω–æ—Ä–æ–≤ DonorSearch.
–ö–æ–≥–¥–∞ —è –ø—Ä–µ–¥–ª–∞–≥–∞—é –ª—é–¥—è–º —Å—Ç–∞—Ç—å –¥–æ–Ω–æ—Ä–æ–º –∫—Ä–æ–≤–∏, —Ç–æ –∏–Ω–æ–≥–¥–∞ —Å–ª—ã—à—É –æ –Ω–µ–≤–æ–∑–º–æ–∂–Ω–æ—Å—Ç–∏ –ø–æ —Ä—è–¥—É –ø—Ä–∏—á–∏–Ω —Å–¥–∞–≤–∞—Ç—å –∫—Ä–æ–≤—å/–∫–æ–º–ø–æ–Ω–µ–Ω—Ç—ã. –ù–æ –∫–æ–≥–¥–∞ –º–µ–Ω—è —Å–ø—Ä–∞—à–∏–≤–∞—é—Ç, –∫–∞–∫ –µ—â–µ –º–æ–∂–Ω–æ –ø–æ–º–æ—á—å –¥–æ–Ω–æ—Ä—Å–∫–æ–º—É –¥–≤–∏–∂–µ–Ω–∏—é, —Ç–æ —è –≤—Å–µ–≥–¥–∞ —Ä–∞–¥—É—é—Å—å —Ç–∞–∫–æ–º—É –≤–æ–ø—Ä–æ—Å—É. –ü–æ–º–æ–≥–∞—Ç—å –º–æ–∂–Ω–æ –ø—É—Ç–µ–º –≤–æ–ª–æ–Ω—Ç–µ—Ä—Å—Ç–≤–∞ –∏–ª–∏, –Ω–∞–ø—Ä–∏–º–µ—Ä, –ø–æ–¥–¥–µ—Ä–∂–∏–≤–∞—è –ø—Ä–æ–µ–∫—Ç DonorSearch.
–ü—Ä–æ–µ–∫—Ç DonorSearch —É—á–∞—Å—Ç–≤—É–µ—Ç –≤ –≥—Ä–∞–Ω—Ç–∞—Ö –∏ –ø–æ—Å—Ç–µ–ø–µ–Ω–Ω–æ —Ä–∞–∑–≤–∏–≤–∞–µ—Ç—Å—è.
–ë–ª–∞–≥–æ–¥–∞—Ä—è –¥–æ–±—Ä–æ–≤–æ–ª—å–Ω—ã–º –ø–æ–∂–µ—Ä—Ç–≤–æ–≤–∞–Ω–∏—è–º –ø—Ä–æ–µ–∫—Ç DonorSearch –º–æ–∂–µ—Ç –¥–æ–ø–æ–ª–Ω–∏—Ç–µ–ª—å–Ω–æ –º–æ—Ç–∏–≤–∏—Ä–æ–≤–∞—Ç—å –ª—é–¥–µ–π —Å–¥–∞–≤–∞—Ç—å –∫—Ä–æ–≤—å, –≤ —Ç–æ–º —á–∏—Å–ª–µ –æ—Ä–∏–µ–Ω—Ç–∏—Ä—É—è—Å—å –Ω–∞ –º–Ω–µ–Ω–∏–µ –¥–æ–Ω–æ—Ä–æ–≤, –≤–æ–ª–æ–Ω—Ç–µ—Ä–æ–≤, —Ç—Ä–∞–Ω—Å—Ñ—É–∑–∏–æ–ª–æ–≥–æ–≤ –∏ –Ω–µ –Ω–∞—Ö–æ–¥—è—Å—å –≤ –∂–µ—Å—Ç–∫–æ–π –∑–∞–≤–∏—Å–∏–º–æ—Å—Ç–∏ –æ—Ç –≥—Ä–∞–Ω—Ç–æ–≤ (–≤ —Ç–æ–º —á–∏—Å–ª–µ —Å–æ–∑–¥–∞–≤–∞—Ç—å –¥–æ–ø–æ–ª–Ω–∏—Ç–µ–ª—å–Ω—ã–µ –∏–Ω—Ñ–æ—Ä–º–∞—Ü–∏–æ–Ω–Ω—ã–µ –º–∞—Ç–µ—Ä–∏–∞–ª—ã, –≥–∏–±–∫–æ –∏ –±—ã—Å—Ç—Ä–æ —Ä–µ–∞–≥–∏—Ä–æ–≤–∞—Ç—å –Ω–∞ –∑–∞–ø—Ä–æ—Å—ã –ø–æ–ª—å–∑–æ–≤–∞—Ç–µ–ª–µ–π, —Ä–∞–∑–≤–∏–≤–∞—Ç—å —Å–∞–π—Ç –∏ —Å–µ—Ä–≤–∏—Å—ã –∏ –º–Ω–æ–≥–æ–µ-–º–Ω–æ–≥–æ–µ –¥—Ä—É–≥–æ–µ).
–Ø –ø—Ä–µ–¥–ª–∞–≥–∞—é –ø–æ–¥–¥–µ—Ä–∂–∞—Ç—å DonorSearch, –∞ –ø–æ–≤–æ–¥–æ–º —Å–¥–µ–ª–∞—Ç—å —Ç–∞–∫–æ–π –ø–æ–¥–∞—Ä–æ–∫ —Å—á–∏—Ç–∞—Ç—å 20 –∞–ø—Ä–µ–ª—è - –ù–∞—Ü–∏–æ–Ω–∞–ª—å–Ω—ã–π –¥–µ–Ω—å –¥–æ–Ω–æ—Ä–∞ –∫—Ä–æ–≤–∏.
–í—ã –º–æ–∂–µ—Ç–µ –ø–æ–∂–µ—Ä—Ç–≤–æ–≤–∞—Ç—å –ª—é–±—É—é —Å—É–º–º—É –∏–ª–∏ —Å–æ–∑–¥–∞—Ç—å —Å–±–æ—Ä —Å–∞–º–æ—Å—Ç–æ—è—Ç–µ–ª—å–Ω–æ. 
–°–ø–∞—Å–∏–±–æ –≤–∞–º –∑–∞ –≤–∞—à–µ —É—á–∞—Å—Ç–∏–µ!",–ê–∫—Ç–∏–≤–Ω—ã–π —Å–±–æ—Ä,–ù–µ—Ç,,743.00,7,6,1,15.03.2024,20.04.2024
37,221910,–î–µ–Ω—å –†–æ–∂–¥–µ–Ω–∏—è,,–ê–∫—Ç–∏–≤–Ω—ã–π —Å–±–æ—Ä,–ù–µ—Ç,,0,0,0,0,15.04.2024,16.04.2024
35,272712,–ü—Ä–æ—Å—Ç–æ —Ç–∞–∫,,–ê–∫—Ç–∏–≤–Ω—ã–π —Å–±–æ—Ä,–ù–µ—Ç,,0,0,0,0,25.03.2024,07.04.2024
36,287541,–ü—Ä–æ—Å—Ç–æ —Ç–∞–∫,"1-–≥–æ –∞–ø—Ä–µ–ª—è –∫–æ–º–∞–Ω–¥–∞ –†–µ–∫–æ—Ä–¥–∞ –æ—Ä–≥–∞–Ω–∏–∑—É–µ—Ç –±–æ–ª—å—à–æ–π —Ç–∞–Ω—Ü–µ–≤–∞–ª—å–Ω—ã–π –º–∞—Ä–∞—Ñ–æ–Ω –≤ —ç—Ñ–∏—Ä–µ –≤ –ø–æ–¥–¥–µ—Ä–∂–∫—É –¥–æ–Ω–æ—Ä—Å–∫–æ–≥–æ –¥–≤–∏–∂–µ–Ω–∏—è –≤ –†–æ—Å—Å–∏–∏ ‚Äî –º–∞—Ä–∞—Ñ–æ–Ω –¥–æ–±—Ä–∞ ¬´–°–µ—Ä–¥–µ—á–Ω—ã–π –ë–∏—Ç¬ª.

–î–æ–Ω–æ—Ä—Å—Ç–≤–æ –∫—Ä–æ–≤–∏ –∫–∞–∂–¥—ã–π –≥–æ–¥ —Å–ø–∞—Å–∞–µ—Ç –∂–∏–∑–Ω–∏ —Ç—ã—Å—è—á –ø–∞—Ü–∏–µ–Ω—Ç–æ–≤. –ß—Ç–æ–±—ã –ø–æ–º–æ—á—å, –º–æ–∂–Ω–æ —Å–¥–∞—Ç—å –∫—Ä–æ–≤—å –∏–ª–∏ –ø–æ–¥–¥–µ—Ä–∂–∞—Ç—å –¥–æ–Ω–æ—Ä—Å—Ç–≤–æ –º–∞—Ç–µ—Ä–∏–∞–ª—å–Ω–æ. –ü–æ–∂–µ—Ä—Ç–≤–æ–≤–∞–Ω–∏—è –ø–æ–π–¥—É—Ç –≤ –ø–æ–ª—å–∑—É –∫—Ä—É–ø–Ω–µ–π—à–µ–≥–æ –≤ —Å—Ç—Ä–∞–Ω–µ —Å–æ–æ–±—â–µ—Å—Ç–≤–∞ –¥–æ–Ω–æ—Ä–æ–≤ DonorSearch: –æ–Ω–∏ –ø–æ–º–æ–≥—É—Ç –ø—Ä–∏–≤–ª–µ—á—å –Ω–æ–≤—ã—Ö –¥–æ–Ω–æ—Ä–æ–≤, –Ω–∞–ø—Ä–∞–≤–∏—Ç—å –∏—Ö —Ç—É–¥–∞, –≥–¥–µ –∏—Ö –ø–æ–º–æ—â—å –Ω–∞–∏–±–æ–ª–µ–µ –≤–æ—Å—Ç—Ä–µ–±–æ–≤–∞–Ω–∞.",–ê–∫—Ç–∏–≤–Ω—ã–π —Å–±–æ—Ä,–ù–µ—Ç,,130541.00,201,166,35,27.03.2024,02.04.2024
2,272712,–ü—Ä–æ—Å—Ç–æ —Ç–∞–∫,"–°–±–æ—Ä —Å–æ–∑–¥–∞–Ω –¥–ª—è –ø—Ä–æ–≤–µ—Ä–∫–∏ –Ω–æ–≤—ã—Ö –ø—Ä–∞–≤–æ–∫.

–ó–¥–µ—Å—å –¥–æ–ª–∂–Ω–æ –±—ã—Ç—å —Ä–∞–∑–¥–µ–ª–µ–Ω–∏–µ –Ω–∞ –∞–±–∑–∞—Ü—ã.",–ê–∫—Ç–∏–≤–Ω—ã–π —Å–±–æ—Ä,–ù–µ—Ç,,10.00,1,1,0,15.03.2024,31.03.2024
34,181008,–ü—Ä–æ—Å—Ç–æ —Ç–∞–∫,,–ê–∫—Ç–∏–≤–Ω—ã–π —Å–±–æ—Ä,–ù–µ—Ç,,0,0,0,0,25.03.2024,25.03.2024
